sample_id,label,cls,exceed_count,suspicious_presence_ratio,skewness,burstiness,suspicious_presence,norm_entropy,dominant_freq,depth,sliding_entropy_std,rare_suspicious,freq_gap_top2,_exceed_suspicious_presence_ratio,_exceed_skewness,_exceed_burstiness,_exceed_suspicious_presence,_exceed_norm_entropy,_exceed_dominant_freq,_exceed_depth,_exceed_sliding_entropy_std,_exceed_rare_suspicious,_exceed_freq_gap_top2
activity.francesco.perini.it.ulssveneto.apk.sys_names.txt,benign,1,3,0.5454545454545454,1.8081409091598808,1.4924380943053064,12,0.7095257834820182,0.24877960585789188,22.0,0.4330766378081107,1,0.03869101428313144,1,0,0,0,0,0,1,1,0,0
aegean.secretnotepad.apk.sys_names.txt,benign,1,4,0.5384615384615384,1.5200067288911374,1.4891797634268622,14,0.7282787671816869,0.1895424836601307,26.0,0.42981571374198313,0,0.026143790849673203,1,1,1,0,0,0,0,1,0,0
ai.bricodepot.catalog.apk.sys_names.txt,benign,1,3,0.5357142857142857,1.958095842326084,1.4610447195206882,15,0.7509498967425353,0.2052220354069825,28.0,0.4838523858141751,1,0.03125309069330432,1,0,1,0,1,0,0,0,0,0
air.com.rosettastone.mobile.CoursePlayer.apk.sys_names.txt,benign,1,6,0.0,0.0,0.0,0,0.9999992786502947,0.5,2.0,0.0,0,0.0,0,1,1,0,1,0,1,1,0,1
ali.sayed.quran.apk.sys_names.txt,benign,1,4,0.5652173913043478,2.0100152709759365,1.1601114115620401,13,0.8212210860793271,0.22100577478344563,23.0,0.48773870484218357,1,0.09263715110683349,1,0,1,0,1,0,1,0,0,0
all.in.one.calculator.apk.sys_names.txt,benign,1,5,0.46875,1.3563199228650267,1.2223127795825215,15,0.7989446992113424,0.13624268227780734,32.0,0.7274702673939956,0,0.009513038850452368,0,1,1,0,1,1,0,0,0,1
alldictdict.alldict.ites.apk.sys_names.txt,benign,1,4,0.56,1.7953559691335916,1.3646419177415041,14,0.763731723941597,0.20297607469363937,25.0,0.49084982825499524,1,0.01993775530052519,1,0,1,0,1,0,1,0,0,0
ambilight.gboulanger.hue.testhue2.apk.sys_names.txt,benign,1,3,0.5238095238095238,1.8145671449525405,1.4560799019617112,11,0.7199494408381679,0.24840557777537564,21.0,0.47269532138948217,1,0.027240298346124743,1,0,1,0,0,0,1,0,0,0
american.chatmeetfriends.apk.sys_names.txt,benign,1,4,0.5714285714285714,1.6784927187490668,1.495057412538872,16,0.72491907343479,0.1897191308956015,28.0,0.39799513928296115,4,0.013248542660307366,1,1,0,0,0,0,0,1,1,0
an.ItalianTranslate.apk.sys_names.txt,benign,1,4,0.5217391304347826,1.4906719741904235,1.5863515463032627,12,0.6561243175224505,0.24085084276148697,23.0,0.2931221648235548,1,0.07013391826368044,1,1,0,0,0,0,1,1,0,0
an.LcmX.apk.sys_names.txt,benign,1,7,0.6,1.1627540119199713,1.390027737981829,15,0.7244593854978307,0.16902037897747588,25.0,0.4243418167377183,2,0.009385055416517697,1,1,1,0,0,1,1,1,0,1
andrei.brusentcov.fractioncalculator.free.apk.sys_names.txt,benign,1,4,0.5,1.7115105352475664,1.2521623698911388,15,0.8159737621682179,0.1545693047660691,30.0,0.7088604064362447,1,0.00940096195889812,0,0,1,0,1,1,0,0,0,1
angry.HD.wallpaper.bird.apk.sys_names.txt,benign,1,3,0.26666666666666666,1.4607677957127003,1.4930792492572758,4,0.6399988544248719,0.3225608822177975,15.0,0.2813234961616325,1,0.09940266503293001,0,1,0,0,0,0,1,1,0,0
app.SchoneBilder.Buonanotte.apk.sys_names.txt,benign,1,5,0.5769230769230769,1.5039093079671668,1.4892318294106819,15,0.7170244691284416,0.20203868269733402,26.0,0.3877458217582168,3,0.04260324098274961,1,1,1,0,0,0,0,1,1,0
app.femme.working.apk.sys_names.txt,benign,1,3,0.375,1.4288041273611507,1.4109692927543414,6,0.6831298622201627,0.2738992229809277,16.0,0.4626789765317462,0,0.02378149281846009,0,1,1,0,0,0,1,0,0,0
app.mytoyota.toyota.com.mytoyota.apk.sys_names.txt,benign,1,5,0.5238095238095238,1.442568264866044,1.4157917342866095,11,0.7241096997986253,0.22386537480877103,21.0,0.42089116810456245,0,0.029576746557878633,1,1,1,0,0,0,1,1,0,0
appinventor.ai_AnesaNico.alimentazione20.apk.sys_names.txt,benign,1,8,0.6086956521739131,1.2162630715416713,1.080404905903144,14,0.8239429320257159,0.15848610289769366,23.0,0.4883186166624992,3,0.004139562389118865,1,1,1,0,1,1,1,0,1,1
appinventor.ai_aldo_livolsi.Jesus1.apk.sys_names.txt,benign,1,7,0.6,1.2674793317380044,1.3152766264989342,15,0.7598393162681675,0.16408058294042005,25.0,0.5182924116215514,2,0.0060865837976853835,1,1,1,0,1,1,1,0,0,1
appinventor.ai_aleks_andapps.Autodemolizione_Cubeda.apk.sys_names.txt,benign,1,7,0.5652173913043478,1.0694174194394541,1.1597085222001278,13,0.7997562407453335,0.14791252485089462,23.0,0.4863182928477082,0,0.006163021868787276,1,1,1,0,1,1,1,0,0,1
appinventor.ai_andrea_paoloni3.WoundCareManagement.apk.sys_names.txt,benign,1,7,0.5909090909090909,1.1039101705526126,1.0346507236800815,13,0.8362737057058253,0.14952220348510398,22.0,0.5732540328770319,0,0.006183249016301293,1,1,1,0,1,1,1,0,0,1
appinventor.ai_appsgeniet.MessageGift.apk.sys_names.txt,benign,1,6,0.5357142857142857,1.1281897640040441,1.2838698661307888,15,0.7690776858452714,0.13676588897827835,28.0,0.6459843126445237,2,0.002413515687851971,1,1,1,0,1,1,0,0,0,1
appinventor.ai_atomantapps.rblocks.apk.sys_names.txt,benign,1,3,0.6086956521739131,1.6911254828509232,1.5619397239580914,14,0.6779169436801585,0.23724778287006726,23.0,0.4847356022526085,2,0.022082018927444796,1,1,0,0,0,0,1,0,0,0
appinventor.ai_atomantapps.rhideandseek.apk.sys_names.txt,benign,1,5,0.6086956521739131,1.3707052589863558,1.3806910656117986,14,0.7297435157593659,0.20328231977446637,23.0,0.4339036158490265,2,0.02225130890052356,1,1,1,0,0,0,1,1,0,0
appinventor.ai_atomantapps.zeldamask.apk.sys_names.txt,benign,1,5,0.5652173913043478,1.0754729088865074,1.3913675748088759,13,0.7153662241594505,0.17759784075573548,23.0,0.46594158006408637,0,0.02098515519568151,1,1,1,0,0,1,1,0,0,0
appinventor.ai_atomantapps.zsword.apk.sys_names.txt,benign,1,6,0.5909090909090909,1.634513491919405,1.2235803215685779,13,0.7966734723578021,0.19516129032258064,22.0,0.507094285086021,2,0.004838709677419355,1,1,1,0,1,0,1,0,0,1
appinventor.ai_boxmaster_app.TeletextTv.apk.sys_names.txt,benign,1,6,0.46875,1.2146388668889267,1.3639514132176032,15,0.752177255987893,0.12338403041825095,32.0,0.5321116998504809,4,0.0022813688212927757,0,1,1,0,1,1,0,0,1,1
appinventor.ai_calogerolupopon.Traduttore_Ita_Eng.apk.sys_names.txt,benign,1,7,0.5833333333333334,1.5005481445495994,1.3843757117040294,14,0.7408453853658549,0.1967751567632129,24.0,0.40576747486390713,2,0.010749477455957002,1,1,1,0,1,0,1,1,0,1
appinventor.ai_carosifa.Segna_Punti.apk.sys_names.txt,benign,1,5,0.6,1.6700739248002883,1.4900182179325678,15,0.7174980051440425,0.20777241554483108,25.0,0.4079250284349697,2,0.011684023368046735,1,1,0,0,0,0,1,1,0,1
appinventor.ai_crotalocerastre.Orari_Metro_Milano.apk.sys_names.txt,benign,1,7,0.5833333333333334,1.4483510863947764,1.1577530638537499,14,0.8090666505461023,0.1681372549019608,24.0,0.6335579407016256,2,0.0004901960784313725,1,1,1,0,1,1,1,0,0,1
appinventor.ai_danivargaspi.Aseo.apk.sys_names.txt,benign,1,7,0.56,1.1160772964925885,1.3039529292291943,14,0.7538460867328967,0.1537953795379538,25.0,0.5687680934387691,2,0.00506050605060506,1,1,1,0,1,1,1,0,0,1
appinventor.ai_datimeteo.cgp.apk.sys_names.txt,benign,1,7,0.5238095238095238,1.4053224705022234,1.353722238347755,11,0.7395386635534921,0.2126844223031232,21.0,0.4152938830739669,1,0.011879670434949224,1,1,1,0,1,0,1,1,0,1
appinventor.ai_davidlobomartinez.SpeechToTextConverter.apk.sys_names.txt,benign,1,6,0.5555555555555556,1.3673708326409366,1.2050270599652726,15,0.7991989734809452,0.14568126520681265,27.0,0.5734610453774945,2,0.005170316301703163,1,1,1,0,1,1,0,0,0,1
appinventor.ai_enfandroid.DB3.apk.sys_names.txt,benign,1,5,0.45454545454545453,1.1810932065075281,1.0452701947440266,15,0.8448449917436648,0.12084071208873147,33.0,0.43842128744795383,0,0.01896728492869792,0,1,1,0,1,1,0,1,0,0
appinventor.ai_fabio23ita.casertaeventisagreconcerti.apk.sys_names.txt,benign,1,7,0.5238095238095238,0.6587284740542994,0.8878021872686092,11,0.8632535843961946,0.13810316139767054,21.0,0.5881493256900775,1,0.008319467554076539,1,1,1,0,1,1,1,0,0,1
appinventor.ai_fradirosa98.meow.apk.sys_names.txt,benign,1,7,0.5238095238095238,1.0751284959756156,1.1866310691306436,11,0.7850138815289557,0.16848174247277387,21.0,0.4661031511111505,0,0.007687379884689302,1,1,1,0,1,1,1,0,0,1
appinventor.ai_info.AbbinamentoCiboVino.apk.sys_names.txt,benign,1,5,0.56,1.5446374486342085,1.4937077926702838,14,0.7103225209232404,0.19258373205741627,25.0,0.5398884134189429,3,0.008373205741626795,1,1,0,0,0,0,1,0,1,1
appinventor.ai_nalinidutt.TRUST.apk.sys_names.txt,benign,1,7,0.6086956521739131,0.96472180044866,0.9514118199554014,14,0.8569350634558897,0.14317673378076062,23.0,0.47999116428037053,3,0.015659955257270694,1,1,1,0,1,1,1,0,1,0
appinventor.ai_nicoletmassi.FisicaRisolviEsercizi.apk.sys_names.txt,benign,1,3,0.5769230769230769,1.7030048708882695,1.5699205556528186,15,0.7007061485595036,0.2015591525827184,26.0,0.43023128927705967,2,0.008509878600333254,1,0,0,0,0,0,0,1,0,1
appinventor.ai_ppaolomail.bpagaepens.apk.sys_names.txt,benign,1,3,0.46875,1.7409444522000084,1.5696928627655138,15,0.710687568304017,0.17711730177955837,32.0,0.6855785740474984,3,0.0054970651262461565,0,0,0,0,0,1,0,0,1,1
appinventor.ai_radiocode.Bosch_BO1150_Radiocode.apk.sys_names.txt,benign,1,4,0.5769230769230769,1.7109592430895637,1.3953399850224162,15,0.7530900633958846,0.1916149538368397,26.0,0.5003491063922278,2,0.005297411835931588,1,0,1,0,1,0,0,0,0,1
appinventor.ai_seblog2k.Acqua_Alta.apk.sys_names.txt,benign,1,3,0.5384615384615384,1.8092564762831016,1.467017146280814,14,0.7386438997213397,0.20497554752285774,26.0,0.4947112915262467,1,0.01711673399957474,1,0,1,0,1,0,0,0,0,0
appinventor.ai_sergio_decandia.ElezioniPolitiche2018.apk.sys_names.txt,benign,1,5,0.5416666666666666,1.1427602713290348,1.4438742322200269,13,0.6995439243944983,0.17256712844193603,24.0,0.4796512458820381,0,0.015221481101419531,1,1,1,0,0,1,1,0,0,0
appinventor.ai_skysalsoftware.StairsToolsFree.apk.sys_names.txt,benign,1,3,0.5357142857142857,1.888629632355583,1.5548787413381742,15,0.7148774176786684,0.20467409165601608,28.0,0.48214373064760574,3,0.010954902318787657,1,0,0,0,0,0,0,0,1,1
appinventor.ai_sovreandrei21.Audi_Romania.apk.sys_names.txt,benign,1,7,0.5714285714285714,1.380143694713386,1.3678867481407084,12,0.7385826760074137,0.2058728622136173,21.0,0.407338433740999,0,0.008389803162310423,1,1,1,0,1,0,1,1,0,1
appinventor.ai_traziotrazio.BrowserVelocepagamento.apk.sys_names.txt,benign,1,5,0.48,1.6136129025191064,1.416023218497226,12,0.7452500099331826,0.19400499583680267,25.0,0.6109772157794285,0,0.008534554537885096,0,1,1,0,1,0,1,0,0,1
appinventor.ai_verkaufsagentur28.Becker4_billo.apk.sys_names.txt,benign,1,6,0.5769230769230769,1.1182460133361987,1.206842085866769,15,0.783444582356342,0.15006988120195666,26.0,0.5444979717816816,2,0.004367575122292104,1,1,1,0,1,1,0,0,0,1
appinventor.ai_verkaufsagentur28.Becker5_billo_copy.apk.sys_names.txt,benign,1,8,0.56,1.323211219577435,1.2121263693335795,14,0.7874252764290497,0.16662341032961328,25.0,0.5489951654939379,3,0.005450298468725669,1,1,1,0,1,1,1,0,1,1
appinventor.ai_vincenzocelano.AgenteDiCommercioFree.apk.sys_names.txt,benign,1,3,0.5357142857142857,2.5920869300848897,1.3386996931128379,15,0.8132280192439577,0.2276657060518732,28.0,0.6385954104225675,1,0.09221902017291066,1,0,1,0,1,0,0,0,0,0
apployalty.aqva.apk.sys_names.txt,benign,1,4,0.5,1.3488417791239786,1.286543681283651,15,0.7825423515981738,0.15262619372442018,30.0,0.6075641494260147,0,0.020719645293315145,0,1,1,0,1,1,0,0,0,0
apps.konbrand.Pancakes.apk.sys_names.txt,benign,1,5,0.4666666666666667,1.3995091456307425,1.3552274480315383,14,0.761199521114446,0.14241384942021884,30.0,0.5141745522671992,1,0.0009799118079372856,0,1,1,0,1,1,0,0,0,1
appsjlond.chatcristianosolteros.apk.sys_names.txt,benign,1,7,0.5357142857142857,1.1545638439122616,1.2102164621907405,15,0.793536899256265,0.15260663507109004,28.0,0.36713056300573654,3,0.027488151658767772,1,1,1,0,1,1,0,1,1,0
appster.baccabluapp.apk.sys_names.txt,benign,1,3,0.4594594594594595,1.9256084751097828,1.5050886047207856,17,0.743283579487822,0.1809635000614477,37.0,1.0372462951522943,1,0.07527344230060219,0,0,0,1,1,1,0,0,0,0
ar.com.fennoma.psicotest.apk.sys_names.txt,benign,1,4,0.4666666666666667,1.4372920677918704,1.2325484064207788,14,0.7902709705338793,0.15594316737899966,30.0,0.88974600747406,1,0.023218204920873283,0,1,1,0,1,1,0,0,0,0
arab.chatweb.online.apk.sys_names.txt,benign,1,7,0.5384615384615384,1.1740792593942224,1.2157176731606303,14,0.7840476430054142,0.1563758389261745,26.0,0.42823536996320233,2,0.0077181208053691275,1,1,1,0,1,1,0,1,0,1
arabicnews.arabic.salemforrenewable.arabicnews.apk.sys_names.txt,benign,1,6,0.4782608695652174,1.3970129135791205,1.0396614867821097,11,0.8462450461727516,0.178752107925801,23.0,0.4270279383584171,0,0.06070826306913996,0,1,1,0,1,1,1,1,0,0
areamajor.areacalculator.geo.geoareamap.apk.sys_names.txt,benign,1,3,0.40540540540540543,2.057057669510244,1.4696506798003675,15,0.7732790362567928,0.15902140672782875,37.0,0.48524735028746585,1,0.019367991845056064,0,0,1,0,1,1,0,0,0,0
asd.vector.indicators.apk.sys_names.txt,benign,1,7,0.5652173913043478,1.2457167068468895,1.210680830776228,13,0.7841910979178542,0.1648190196340323,23.0,0.3280358229305908,1,0.014157873647655937,1,1,1,0,1,1,1,1,0,0
asdev.nokat.maghribiya.fokaha.apk.sys_names.txt,benign,1,4,0.46875,1.4971929622825162,1.3260525799774914,15,0.7757050993068222,0.1533854803226595,32.0,0.4916609153280933,0,0.022977267171840624,0,1,1,0,1,1,0,0,0,0
at.dieschmiede.eatsmarter.apk.sys_names.txt,benign,1,4,0.38636363636363635,2.190842752712892,1.7686253956125801,17,0.7055954697927515,0.15480097869547055,44.0,0.9622632826045342,3,0.0067434504982992185,0,0,0,1,0,1,0,0,1,1
at.harnisch.android.fueldb.apk.sys_names.txt,benign,1,5,0.48484848484848486,1.5697627828960137,1.433342387324883,16,0.7576781580800703,0.14385308620982826,33.0,0.557186552521501,2,0.0074817207957830305,0,1,1,0,1,1,0,0,0,1
at.mjam.apk.sys_names.txt,benign,1,3,0.56,1.7385988825089267,1.5488097350990095,14,0.7110651105372028,0.21709363957597172,25.0,0.43743875464186666,1,0.018772084805653712,1,0,0,0,0,0,1,1,0,0
at.spar.mobile.interspar_app.apk.sys_names.txt,benign,1,6,0.5333333333333333,1.323801323995421,1.0891534831254834,16,0.8483501277869877,0.12360883050538223,30.0,0.5452863260109351,0,0.009943440977923736,1,1,1,0,1,1,0,0,0,1
at.spardat.bcrmobile.apk.sys_names.txt,benign,1,3,0.4594594594594595,1.974964873839982,1.8210390015507218,17,0.6685666248654832,0.17956903431763768,37.0,0.9862300829366606,4,0.019802474062250598,0,0,0,1,0,1,0,0,1,0
at.willhaben.apk.sys_names.txt,benign,1,3,0.5416666666666666,2.3797226925614128,1.983501843796666,13,0.6007466797715044,0.3023307933662035,24.0,0.381058951033659,1,0.018003884655610338,1,0,0,0,0,0,1,1,0,0
atlantis.follower.analyzer.apk.sys_names.txt,benign,1,3,0.5,2.1734116335078064,2.0016750839893827,11,0.5488103712791885,0.31218762014609763,22.0,0.361207744812752,2,0.011643873235568737,0,0,0,0,0,0,1,1,0,1
au.com.mcgregor.babytracker.apk.sys_names.txt,benign,1,5,0.5172413793103449,1.389444557561645,1.2460648476463647,15,0.8005270341123812,0.1402384595766386,29.0,0.48196115906369724,1,0.007778627901045652,0,1,1,0,1,1,0,0,0,1
august.shopping.apk.sys_names.txt,benign,1,4,0.4838709677419355,1.6104104853639782,1.241069729498818,15,0.8109179038546215,0.15331425846447305,31.0,0.53093482773305,1,0.02944682880305198,0,1,1,0,1,1,0,0,0,0
aws.apps.wifiKeyRecovery.apk.sys_names.txt,benign,1,6,0.5517241379310345,1.120421843013701,1.149950172432532,16,0.8046349797404445,0.1462429775280899,29.0,0.44581306709903556,3,0.0331811797752809,1,1,1,0,1,1,0,0,1,0
ba.app.belikebill.apk.sys_names.txt,benign,1,6,0.5357142857142857,1.434661434148481,1.4675258798724433,15,0.7269658217463881,0.17363510711817554,28.0,0.44370691190286254,3,0.027470628887353143,1,1,1,0,0,1,0,1,1,0
be.babyboom.morphing.apk.sys_names.txt,benign,1,6,0.52,1.1211004325756877,1.1090200977726499,13,0.8231054237352288,0.14127861089187055,25.0,0.5319012646643867,1,0.010260457774269928,0,1,1,0,1,1,1,0,0,1
be.moulinsart.tintinbooks.apk.sys_names.txt,benign,1,3,0.56,2.2704886546603555,1.5404151090420668,14,0.7381197953851879,0.24500525762355416,25.0,0.5828071380456693,0,0.03423297114148849,1,0,0,0,1,0,1,0,0,0
be.newpage.mariepure.apk.sys_names.txt,benign,1,4,0.5416666666666666,1.8278959355881284,1.451920095567947,13,0.7425784462612991,0.21236513101558485,24.0,0.5102650452853992,1,0.016954958040760405,1,0,1,0,1,0,1,0,0,0
be.tweedehands.m.apk.sys_names.txt,benign,1,4,0.42857142857142855,1.2912954266588468,1.187632259186234,15,0.8178926170000522,0.1311146177019079,35.0,0.5016856880694883,0,0.034571797446564335,0,1,1,0,1,1,0,0,0,0
bercom.wholoveyouinsecret.apk.sys_names.txt,benign,1,4,0.5652173913043478,1.5104874473451742,1.5764997635728664,13,0.673696372471073,0.2188404748118124,23.0,0.3957891300438545,1,0.016864504921829764,1,1,0,0,0,0,1,1,0,0
bestfreelivewallpapers.new_year_2015_fireworks.apk.sys_names.txt,benign,1,3,0.5333333333333333,1.4875893999024257,1.57842178045901,16,0.6974928602614335,0.17685267198110421,30.0,0.48778960108707825,1,0.018502115933471116,1,1,0,0,0,1,0,0,0,0
bibbia.cei.gratis.apk.sys_names.txt,benign,1,6,0.5454545454545454,1.4963834242831875,1.0060751984274032,12,0.8536943138771854,0.1870967741935484,22.0,0.36295857807852894,0,0.05935483870967742,1,1,1,0,1,0,1,1,0,0
bitsoftlite.bb.apk.sys_names.txt,benign,1,6,0.5357142857142857,1.171790971646569,1.2464278771399122,15,0.7817445828153788,0.15068259385665528,28.0,0.3229515954622719,0,0.020819112627986348,1,1,1,0,1,1,0,1,0,0
biz.trans.apk.sys_names.txt,benign,1,3,0.5769230769230769,1.6464486575272614,1.47395909264778,15,0.7359607209179463,0.19731310546518005,26.0,0.4880523656993141,2,0.021202705172728934,1,1,1,0,0,0,0,0,0,0
blue.dating.apk.sys_names.txt,benign,1,6,0.5454545454545454,1.4176920888534899,1.185520546100197,12,0.794698069401286,0.19235203689469638,22.0,0.41723914518920285,0,0.025749423520368946,1,1,1,0,1,0,1,1,0,0
blyther.c4chat.apk.sys_names.txt,benign,1,3,0.52,1.6917517817980616,1.6387218886245403,13,0.6703066341206843,0.23517872711421098,25.0,0.4230431293724198,1,0.0459895379250218,0,1,0,0,0,0,1,1,0,0
boer.meteoitalia.apk.sys_names.txt,benign,1,5,0.5652173913043478,2.6983612627545157,2.3579451190648584,13,0.4911217690106124,0.37016172186217966,23.0,0.26305514511657135,3,0.005425411736726321,1,0,0,0,0,0,1,1,1,1
boerapps.meteomilano.apk.sys_names.txt,benign,1,5,0.3333333333333333,1.3126573386661464,1.294892470818503,4,0.6964235000861322,0.30757931844888364,12.0,0.43974784806496914,0,0.0005875440658049354,0,1,1,0,0,0,1,1,0,1
boerapps.meteonapoli.apk.sys_names.txt,benign,1,5,0.3333333333333333,0.48340866785540193,0.9870882351755625,4,0.7621165564421932,0.2541354024556617,12.0,0.16712548794950302,0,0.09025409276944066,0,1,1,0,1,0,1,1,0,0
boerapps.meteoroma.apk.sys_names.txt,benign,1,3,0.3333333333333333,1.4868322620413483,1.4311325975926628,4,0.6555085180743245,0.345707656612529,12.0,0.44855576789265195,0,0.014952307295694767,0,1,1,0,0,0,1,0,0,0
boerapps.meteotorino.apk.sys_names.txt,benign,1,5,0.3333333333333333,1.3323727639397633,1.3568236582447604,4,0.6722146037761643,0.31884587289992694,12.0,0.3770590183366645,0,0.0007304601899196494,0,1,1,0,0,0,1,1,0,1
br.com.blackmountain.makeup.apk.sys_names.txt,benign,1,3,0.425,2.5415675530870843,2.1091169290555105,17,0.632923638315667,0.21071806322717124,40.0,0.5348439446416782,3,0.008814196732871078,0,0,0,1,0,0,0,0,1,1
br.com.easytaxi.apk.sys_names.txt,benign,1,5,0.5,1.2093915151706398,1.0641933024540429,14,0.8415436517908862,0.13273216263249485,28.0,0.558561951829658,0,0.009017560512577124,0,1,1,0,1,1,0,0,0,1
br.com.ridsoftware.shoppinglist.apk.sys_names.txt,benign,1,4,0.4117647058823529,1.5913873721246672,1.2173456899398687,14,0.807635112938648,0.15025190963757518,34.0,0.4569416077726464,0,0.0396554526247359,0,1,1,0,1,1,0,0,0,0
br.com.rogerionapoleao.acalmabebe.apk.sys_names.txt,benign,1,5,0.56,1.6202360218991032,1.5278136867890417,14,0.7102519967699178,0.19681131876253827,25.0,0.4019866785957285,1,0.009608277900960829,1,1,0,0,0,0,1,1,0,1
br.com.zoetropic.free.apk.sys_names.txt,benign,1,5,0.5652173913043478,2.054825159943835,1.3820610342699284,13,0.7709436218106455,0.25112107623318386,23.0,0.5130425079319878,3,0.10762331838565023,1,0,1,0,1,0,1,0,1,0
br.letonai.badadumtss.apk.sys_names.txt,benign,1,3,0.4444444444444444,1.5911083417819192,1.4708189630855446,8,0.6836216261794107,0.26823482901759244,18.0,0.5052254349354534,0,0.024115437833563947,0,1,1,0,0,0,1,0,0,0
bse.echocalc.apk.sys_names.txt,benign,1,3,0.46153846153846156,1.978441743968372,1.7522533952124726,18,0.6902035976637879,0.1601045580787453,39.0,0.9764357795970597,2,0.006099221260142678,0,0,0,1,0,1,0,0,0,1
buraco.modifiye.clio.apk.sys_names.txt,benign,1,5,0.5357142857142857,1.552192610368739,1.375002189925305,15,0.7564443029215637,0.1777152867416559,28.0,0.46029156350970885,1,0.0275677669186797,1,1,1,0,1,1,0,0,0,0
buraco.modifiye.ford.fiesta.apk.sys_names.txt,benign,1,5,0.5357142857142857,1.4575036971351003,1.45889882500349,15,0.7333162551473679,0.16864003540998118,28.0,0.47616141672849543,2,0.011397587695031536,1,1,1,0,0,1,0,0,0,1
buraco.modifiye.golf.apk.sys_names.txt,benign,1,6,0.56,1.2496509771052065,1.2689413038988742,14,0.7781522650679773,0.1654099455951131,25.0,0.45317437187373183,1,0.025770735897680634,1,1,1,0,1,1,1,0,0,0
buraco.modifiyeli.seat.lion.apk.sys_names.txt,benign,1,5,0.46875,1.5768353255339178,1.435140451239091,15,0.7471600309944391,0.15797906430249947,32.0,0.5477972523764357,3,0.015381328775902585,0,1,1,0,1,1,0,0,1,0
by.fisher.pandora.apk.sys_names.txt,benign,1,5,0.5652173913043478,1.4125490756530032,1.3564010279679894,13,0.7496072854217141,0.2015980331899201,23.0,0.48532476154377524,1,0.028887523048555623,1,1,1,0,1,0,1,0,0,0
c5.live.prod.apk.sys_names.txt,benign,1,3,0.5,2.0446449739283064,1.8197329003169924,18,0.6632432077197689,0.18516209476309228,36.0,0.9416814748363677,3,0.006701995012468828,0,0,0,1,0,0,0,0,1,1
ca.rodee.alexamaster.alexamaster.apk.sys_names.txt,benign,1,3,0.5,1.6664948877212962,1.6564721153839115,13,0.6763697387366693,0.19815384615384615,26.0,0.4248130827508552,0,0.006805429864253394,0,1,0,0,0,0,0,1,0,1
cacciarichiamouccellifree.viewstubdemo.apk.sys_names.txt,benign,1,5,0.6,1.2616625826765355,1.3932062207331561,15,0.7346565612092907,0.16304144009000562,25.0,0.5089319929997496,2,0.013594599662478906,1,1,1,0,0,1,1,0,0,0
carlabimmo.immobypass.apk.sys_names.txt,benign,1,5,0.0,0.0,0.0,0,-1.000089400708482e-06,1.0,1.0,0.0,0,0.0,0,1,1,0,0,0,1,1,0,1
catepe.animal.wallpapersss.apk.sys_names.txt,benign,1,4,0.4666666666666667,1.6250542311469467,1.2428215234740887,14,0.8049417951631006,0.1733756759076474,30.0,0.47698763938928823,0,0.06823448631018797,0,1,1,0,1,1,0,0,0,0
cc.lifely.feedo.apk.sys_names.txt,benign,1,7,0.5217391304347826,1.1808644114250362,1.3398576385654375,12,0.7483274362354045,0.17107501933488012,23.0,0.3506106209904892,0,0.012529002320185615,1,1,1,0,1,1,1,1,0,0
ce.cromos.bomdiatardenoitex.apk.sys_names.txt,benign,1,4,0.425,2.203977106401195,1.8382484911750567,17,0.6827714972313607,0.1684909016281297,40.0,0.9712197797203727,3,0.002599534820084827,0,0,0,1,0,1,0,0,1,1
ch.anibis.anibis.apk.sys_names.txt,benign,1,4,0.47058823529411764,1.0078605504007738,1.0727929071128717,16,0.8349966277997597,0.11475496688741722,34.0,0.5333962227761453,1,0.02405298013245033,0,1,1,0,1,1,0,0,0,0
ch.bitspin.timely.apk.sys_names.txt,benign,1,6,0.5217391304347826,1.681258466489338,1.1736235634758978,12,0.8023138448879106,0.21367715551516528,23.0,0.3234456173838633,0,0.10644098602749062,1,1,1,0,1,0,1,1,0,0
ch.epfl.pdse.polypotapp.apk.sys_names.txt,benign,1,5,0.5,1.256084553034807,1.2672404463756382,13,0.7744273067210751,0.1561747229805685,26.0,0.5306119007487864,1,0.011803436646860446,0,1,1,0,1,1,0,0,0,1
ch.rsi.player.apk.sys_names.txt,benign,1,3,0.4722222222222222,1.9412418449428206,1.5670416554019841,17,0.7357057796591424,0.16713361027920007,36.0,0.5195144925412719,0,0.010433774514539657,0,0,0,1,0,1,0,0,0,1
ch.rsi.sport.apk.sys_names.txt,benign,1,6,0.5454545454545454,1.4880047461906902,1.2259117847324137,12,0.7878800629756276,0.19271758436944939,22.0,0.55885735297071,0,0.006438721136767318,1,1,1,0,1,0,1,0,0,1
ch.srf.sport.apk.sys_names.txt,benign,1,4,0.5416666666666666,1.59291985311561,1.608213432408087,13,0.659278855990812,0.23835348506401138,24.0,0.3267892150691104,0,0.04433380749170223,1,1,0,0,0,0,1,1,0,0
ch.tanapro.simplepos.apk.sys_names.txt,benign,1,3,0.5,2.226177089839004,1.9943824260527112,17,0.6164778889120959,0.22242493744787323,34.0,0.8857374389299415,4,0.010633861551292744,0,0,0,1,0,0,0,0,1,1
ch.whitepeaksmobile.mysecretary.apk.sys_names.txt,benign,1,3,0.5217391304347826,2.224895906620298,1.9619924575179617,12,0.5805169152983877,0.30262316058861166,23.0,0.3617968941150799,1,0.017594369801663467,1,0,0,0,0,0,1,1,0,0
ch.zhaw.facerecognition.apk.sys_names.txt,benign,1,6,0.5652173913043478,1.0512606154244801,1.0292306093829038,13,0.8361604468329524,0.15278140506659701,23.0,0.48787852753318356,1,0.022199007573779055,1,1,1,0,1,1,1,0,0,0
chat.chatunitedkingdom.apk.sys_names.txt,benign,1,7,0.5625,0.5636511996540783,0.7578918128598566,9,0.8935701266292667,0.16,16.0,0.2632989363132754,1,0.03,1,1,1,0,1,1,1,1,0,0
chatt.australia1.apk.sys_names.txt,benign,1,4,0.5555555555555556,1.6457307436329436,1.4893239617029945,10,0.6871356674588531,0.2690951821386604,18.0,0.5250648314388389,0,0.018213866039952998,1,1,1,0,0,0,1,0,0,0
chattt.amorycitass.apk.sys_names.txt,benign,1,4,0.48484848484848486,1.6400251305195985,1.4521381272001455,16,0.7487626484601921,0.16323024054982818,33.0,0.47716641477348115,0,0.025085910652920963,0,1,1,0,1,1,0,0,0,0
chri.money.register.f.apk.sys_names.txt,benign,1,3,0.55,1.98557551193027,1.7412209547663702,11,0.6295249245606025,0.2941730799434585,20.0,0.38984166692192196,0,0.017904821737081827,1,0,0,0,0,0,1,1,0,0
cl.datacomputer.alejandrob.newgpsjoystick.apk.sys_names.txt,benign,1,5,0.47619047619047616,1.7147101163165581,1.4595665675701428,20,0.7590341680375302,0.141707114952054,42.0,0.6312012007783252,4,0.026873446193915,0,0,1,1,1,1,0,0,1,0
cl.ecopass.ecopassvalidator.apk.sys_names.txt,benign,1,5,0.4782608695652174,1.1317480874107073,1.4194747438901807,11,0.7098381865161744,0.18006886773344136,23.0,0.37577742643311846,0,0.024103706704476403,0,1,1,0,0,1,1,1,0,0
cn.danatech.xingseus.apk.sys_names.txt,benign,1,6,0.5384615384615384,1.315586819412305,1.2393077594815065,14,0.7952945449938998,0.15764925373134328,26.0,0.5103944623323,2,0.008395522388059701,1,1,1,0,1,1,0,0,0,1
cn.studyjams.s2.sj0262.IChing.apk.sys_names.txt,benign,1,4,0.5909090909090909,2.0507631601804728,1.4445532960712797,13,0.7496938843668086,0.24448503582970352,22.0,0.5044329574838018,1,0.02374596037656316,1,0,1,0,1,0,1,0,0,0
co.aurasphere.bluepair.apk.sys_names.txt,benign,1,6,0.5238095238095238,1.2276889539320608,1.1841555924501341,11,0.7904572374896905,0.18882303132938189,21.0,0.35351719580449265,1,0.02540220152413209,1,1,1,0,1,0,1,1,0,0
co.crystalapp.crystal.apk.sys_names.txt,benign,1,8,0.5454545454545454,0.99359814935177,1.0172773822926722,12,0.8297646176822955,0.15046323443180484,22.0,0.43948179720839187,0,0.002345490793948634,1,1,1,0,1,1,1,1,0,1
co.easy4u.writer.apk.sys_names.txt,benign,1,6,0.5,1.537605391469876,1.363137480397951,12,0.7557972577162555,0.18722744451981782,24.0,0.4072912927568275,1,0.01124139936040314,0,1,1,0,1,0,1,1,0,1
codeadore.textgramlegacy.apk.sys_names.txt,benign,1,5,0.5,1.630887183363782,1.4052726440843055,14,0.7537457276413739,0.16885849552866913,28.0,0.48660976487169305,0,0.0005260389268805891,0,1,1,0,1,1,0,0,0,1
coderousseau.deroute.permismaroc.apk.sys_names.txt,benign,1,5,0.39473684210526316,1.556005493378114,1.2962985168320031,15,0.7960829844414119,0.12206204951425885,38.0,0.9729766822896739,0,0.0010446046171524077,0,1,1,0,1,1,0,0,0,1
com.ActuallyUsefulSoftware.princountdown.apk.sys_names.txt,benign,1,4,0.42857142857142855,1.5214007930424895,1.5943217245989294,9,0.6381349894582957,0.2406629496677614,21.0,0.41197330935783766,1,0.005804628427403956,0,1,0,0,0,0,1,1,0,1
com.AndroidRingtones.apk.sys_names.txt,benign,1,3,0.4166666666666667,1.680065805157655,1.5992875944895892,15,0.7154960291756959,0.15048071072167457,36.0,1.0677279173900294,0,0.005658999634903249,0,1,0,0,0,1,0,0,0,1
com.AppsstudiosMobile.wifi2018.apk.sys_names.txt,benign,1,5,0.5238095238095238,1.7354542298220266,1.068009557921601,11,0.846512911792913,0.20556745182012848,21.0,0.3411727438829196,0,0.06638115631691649,1,0,1,0,1,0,1,1,0,0
com.AvvaStyle.dental.apk.sys_names.txt,benign,1,3,0.39473684210526316,2.230497555033496,1.3312442169551344,15,0.7881849679729398,0.17845285524568394,38.0,0.46424017005654855,0,0.10126162018592297,0,0,1,0,1,1,0,0,0,0
com.Bprod.Fortine.Battle.apk.sys_names.txt,benign,1,5,0.5384615384615384,1.0252790194511676,1.0467830940820881,14,0.83302961563522,0.15021008403361344,26.0,0.48423774021644517,0,0.044642857142857144,1,1,1,0,1,1,0,0,0,0
com.Cruistopz.TipsZombieTsunami.apk.sys_names.txt,benign,1,3,0.4722222222222222,2.4364231811624077,2.056470564154241,17,0.6274683931518104,0.2183489524264311,36.0,0.5228851145361186,3,0.0011938160329493224,0,0,0,1,0,0,0,0,1,1
com.DigitalClockWeatherWdgt.apk.sys_names.txt,benign,1,3,0.4166666666666667,1.8950058482610304,1.877866024324334,15,0.6467261945883833,0.17267003818763546,36.0,0.407648426197891,1,0.008566415522757767,0,0,0,0,0,1,0,1,0,1
com.Dilingo.worldoxforddictionary.apk.sys_names.txt,benign,1,3,0.5333333333333333,1.8089271461505652,1.553057658551606,16,0.7199986258102719,0.17851630826216688,30.0,0.5006273105363007,1,0.004527214734026134,1,0,0,0,0,1,0,0,0,1
com.FPCA.Hairstyle.Beauty.Photo.Editor.apk.sys_names.txt,benign,1,3,0.4,1.1273816791914721,1.359421854237226,8,0.7164835795650437,0.20375,20.0,0.4555151745014362,2,0.02125,0,1,1,0,0,0,1,0,0,0
com.a22hbg.spal_project.apk.sys_names.txt,benign,1,3,0.55,2.018003433536439,1.8801297294723978,11,0.5690521666791927,0.31352222990094447,20.0,0.3581301826107705,2,0.015971742302080934,1,0,0,0,0,0,1,1,0,0
com.abqappsource.childgrowthtracker.apk.sys_names.txt,benign,1,5,0.5833333333333334,1.6531619864506077,1.3471900914105883,14,0.7621962184612227,0.20053281666263018,24.0,0.4559771153286696,1,0.01586340518285299,1,1,1,0,1,0,1,0,0,0
com.acan.rts.apk.sys_names.txt,benign,1,4,0.48148148148148145,1.4062131736214525,1.1952606949768474,13,0.8139820380718833,0.1625441696113074,27.0,0.653910369529086,1,0.04240282685512368,0,1,1,0,1,1,0,0,0,0
com.acn.uconnectmobile.apk.sys_names.txt,benign,1,3,0.5652173913043478,2.2096092776119076,1.8343641341581547,13,0.6326384509387815,0.2860562204286112,23.0,0.4136220800564479,1,0.01898135263011411,1,0,0,0,0,0,1,1,0,0
com.activaweb.matchendirect.apk.sys_names.txt,benign,1,4,0.5,1.5651228502152355,1.4212517325212566,16,0.7577250496296546,0.1569234169521494,32.0,0.6941732471496582,2,0.024422588131285224,0,1,1,0,1,1,0,0,0,0
com.adasone.dassistance.apk.sys_names.txt,benign,1,5,0.3125,2.089237044601972,1.1223153909372776,5,0.8445763600837647,0.2571428571428571,16.0,0.0,4,0.02857142857142857,0,0,1,0,1,0,1,1,1,0
com.addev.beenlovememory.apk.sys_names.txt,benign,1,4,0.39473684210526316,1.1378611056689776,1.1500810841024323,15,0.8187457675647357,0.12149695387293298,38.0,0.5389931902854816,0,0.038642297650130546,0,1,1,0,1,1,0,0,0,0
com.addsnapchatfriends.sfriends.apk.sys_names.txt,benign,1,6,0.5833333333333334,1.3536414018912677,1.3377433281897317,14,0.7592478358646922,0.1806845965770171,24.0,0.44501145854081264,1,0.022249388753056234,1,1,1,0,1,1,1,0,0,0
com.adidas.smartball.apk.sys_names.txt,benign,1,3,0.5161290322580645,1.736426053926905,1.39130395087501,16,0.7655444363991972,0.17027684466581722,31.0,0.5621202397225739,0,0.01621684234912545,0,0,1,0,1,1,0,0,0,0
com.adit.birthdaycake.apk.sys_names.txt,benign,1,4,0.45714285714285713,1.511171388153354,1.3603321118725529,16,0.7693768643311251,0.1393641843282131,35.0,1.1711085298963413,1,0.015117635621232743,0,1,1,0,1,1,0,0,0,0
com.adriada.impararec.apk.sys_names.txt,benign,1,4,0.5909090909090909,1.5962042731869073,1.6488957719951955,13,0.6449761415757465,0.24375697245344546,22.0,0.4204751684387033,1,0.033167424697502786,1,1,0,0,0,0,1,1,0,0
com.advisor.advanced.pro.apk.sys_names.txt,benign,1,5,0.5172413793103449,0.9888826209672495,1.0844418993012463,15,0.8262525552146763,0.1195350272605699,29.0,0.4553992804104794,1,0.0015430511264273223,0,1,1,0,1,1,0,0,0,1
com.adyen.ui.apk.sys_names.txt,benign,1,5,0.5185185185185185,1.2969751686743243,1.3925542644220135,14,0.7411071768044051,0.16005067567567569,27.0,0.3743526616754624,2,0.024493243243243243,0,1,1,0,1,1,0,1,0,0
com.aegean.android.apk.sys_names.txt,benign,1,5,0.45454545454545453,1.1469613686386457,1.3369322757088125,15,0.7584653590977066,0.12065222878489576,33.0,0.5129482010967975,0,0.0013630168105406633,0,1,1,0,1,1,0,0,0,1
com.aero.airmate.airmate.apk.sys_names.txt,benign,1,3,0.56,2.5808484334333994,1.7499070290613599,14,0.6928294999933178,0.269618738245854,25.0,0.9681036411440463,0,0.009460306605117683,1,0,0,0,0,0,1,0,0,1
com.afwsamples.testdpc.apk.sys_names.txt,benign,1,6,0.5652173913043478,1.6736293624613805,1.302581668353101,13,0.772300968877773,0.21169989506820566,23.0,0.4153925749251868,1,0.04328436516264428,1,1,1,0,1,0,1,1,0,0
com.agent.agentspyforwhats.apk.sys_names.txt,benign,1,3,0.5217391304347826,2.4606506268615926,1.9925811222632646,12,0.5969259071848295,0.31290562825832535,23.0,0.503190616739668,1,0.00680923502500266,1,0,0,0,0,0,1,0,0,1
com.aiguo.handydiary.apk.sys_names.txt,benign,1,4,0.4,1.6900912217375796,1.3363042213859966,16,0.7892269954304344,0.14363063595195905,40.0,0.5320967955415488,0,0.04666272888363851,0,1,1,0,1,1,0,0,0,0
com.airthings.airthings.apk.sys_names.txt,benign,1,4,0.5714285714285714,1.97167087552532,1.3954766385568846,12,0.7485280657923908,0.26399917500257813,21.0,0.6549362125650801,0,0.09683407239352378,1,0,1,0,1,0,1,0,0,0
com.aiuspaktyn.circumvesuviana.apk.sys_names.txt,benign,1,3,0.5,1.6576687641885781,1.3652512607044527,14,0.7634576249628064,0.19100684261974585,28.0,0.4973122626102941,0,0.049071358748778104,0,1,1,0,1,0,0,0,0,0
com.aiuspaktyn.medicine.apk.sys_names.txt,benign,1,4,0.40540540540540543,1.4927105463582104,1.3934922832155574,15,0.7588921171737971,0.1492830368298923,37.0,0.5318983507509852,0,0.04872969596001666,0,1,1,0,1,1,0,0,0,0
com.akashpopat.appodealads.apk.sys_names.txt,benign,1,4,0.5217391304347826,1.6791872920307858,1.5191739290728519,12,0.7084742176884298,0.21065918653576438,23.0,0.4583566250827053,0,0.009537166900420757,1,1,0,0,0,0,1,0,0,1
com.akasoft.topplaces.apk.sys_names.txt,benign,1,3,0.4411764705882353,1.8261021086782847,1.4757768547861614,15,0.7518868572828012,0.17002275312855517,34.0,1.026072094423665,0,0.03452787258248009,0,0,1,0,1,1,0,0,0,0
com.alabrajarabic.abraj2018.apk.sys_names.txt,benign,1,5,0.45161290322580644,1.4554481411875066,1.357739354842706,14,0.7663693394635824,0.1405232247730913,31.0,0.45648622053253096,1,0.006406833956219968,0,1,1,0,1,1,0,0,0,1
com.alamiaforfurn.its.apk.sys_names.txt,benign,1,6,0.6,1.426171958468699,1.3710117186807158,15,0.7517010891984651,0.1715994717626039,25.0,0.4933339639201308,2,0.016080167793055232,1,1,1,0,1,1,1,0,0,0
com.alberto.portafoglio.apk.sys_names.txt,benign,1,4,0.5185185185185185,1.5654092407855875,1.2991751628013863,14,0.7893977560828926,0.18108344255133246,27.0,0.44773042379540534,0,0.039318479685452164,0,1,1,0,1,1,0,0,0,0
com.alboteanu.sunshine2.Genova.apk.sys_names.txt,benign,1,5,0.5,1.405098787739873,1.2122510559728288,12,0.796178775659547,0.17432273262661954,24.0,0.5695154044947831,2,0.014134275618374558,0,1,1,0,1,1,1,0,0,0
com.albul.timeplanner.apk.sys_names.txt,benign,1,5,0.5357142857142857,1.6467112666366557,1.2999560438785223,15,0.788263767577806,0.171674177933567,28.0,0.5079461606831333,1,0.018778167250876315,1,1,1,0,1,1,0,0,0,0
com.alc.filemanager.apk.sys_names.txt,benign,1,6,0.38095238095238093,1.5355840170299477,1.3318755811081824,16,0.7881097043951122,0.11982722586038735,42.0,0.4432565851981777,0,0.006316473921322744,0,1,1,0,1,1,0,1,0,1
com.aldrinarciga.creepypastareader.apk.sys_names.txt,benign,1,4,0.5357142857142857,1.4942744473352856,1.5298361944034038,15,0.7105332332545171,0.17992062325444658,28.0,0.43591352667902117,0,0.015287373217698075,1,1,0,0,0,1,0,1,0,0
com.alemasat.app.apk.sys_names.txt,benign,1,3,0.48,1.5320070864601116,1.6016705316300912,12,0.6772764643348977,0.20890533603915482,25.0,0.41015201050220146,0,0.021845529425808762,0,1,0,0,0,0,1,1,0,0
com.alexandrucene.dayhistory.apk.sys_names.txt,benign,1,8,0.5555555555555556,1.4963250257027818,1.428959521088214,15,0.7396478673298092,0.16968541468064824,27.0,0.4426861256565391,3,0.00607721639656816,1,1,1,0,1,1,0,1,1,1
com.alishroot.photovideomakerwithsong.apk.sys_names.txt,benign,1,3,0.5185185185185185,1.7267500315830222,1.1157753447430692,14,0.836675835928562,0.17173051519154559,27.0,0.5237351009524981,2,0.031704095112285335,0,0,1,0,1,1,0,0,0,0
com.allfootball.livescore.apk.sys_names.txt,benign,1,3,0.4146341463414634,2.4435181431587125,1.673023748373084,17,0.7442748193085372,0.17586961809778642,41.0,1.0800349195540773,1,0.021101921673558746,0,0,0,1,1,1,0,0,0,0
com.allradio.radiofm.apk.sys_names.txt,benign,1,4,0.5769230769230769,1.6612233114528185,1.657518319622872,15,0.6585875255158002,0.2220042504495668,26.0,0.396244315524974,3,0.01967195248215356,1,1,0,0,0,0,0,1,1,0
com.almatmobile.apk.sys_names.txt,benign,1,3,0.5172413793103449,1.6958222025098084,1.6928185716416086,15,0.674575212564159,0.1945095099784503,29.0,0.35837194157780417,1,0.00543427340016865,0,1,0,0,0,0,0,1,0,1
com.almendo.blusensor.air.apk.sys_names.txt,benign,1,4,0.5,1.6557524734359528,1.428088465245957,12,0.7397066585101516,0.21058051229244432,24.0,0.5364436742250567,0,0.02162440468528768,0,1,1,0,1,0,1,0,0,0
com.almeria.whatsfake.apk.sys_names.txt,benign,1,3,0.5185185185185185,1.6480705243137954,1.410573592641478,14,0.7501509316026181,0.19140979147778786,27.0,0.45249952715040287,1,0.030031731640979147,0,1,1,0,1,0,0,0,0,0
com.alsedi.mycards.apk.sys_names.txt,benign,1,3,0.5416666666666666,1.54413637839756,1.525749917620706,13,0.7103089143969068,0.20701131573108497,24.0,0.7145868889710965,1,0.021965830929664965,1,1,0,0,0,0,1,0,0,0
com.altimetersoftware.apk.sys_names.txt,benign,1,5,0.0,0.0,0.0,0,-1.000089400708482e-06,1.0,1.0,0.0,0,0.0,0,1,1,0,0,0,1,1,0,1
com.amadeus.merci.client.ui.apk.sys_names.txt,benign,1,4,0.4838709677419355,1.1888310163343776,1.1502314953307347,15,0.814387777588717,0.13668807994289792,31.0,0.5229522753358271,1,0.025339043540328336,0,1,1,0,1,1,0,0,0,0
com.amalgamapps.whatscrop.apk.sys_names.txt,benign,1,4,0.6086956521739131,2.1950053468703574,2.018855334897323,14,0.5555998821757533,0.30519136036377414,23.0,0.3346122094477059,3,0.013793103448275862,1,0,0,0,0,0,1,1,1,0
com.aml.owner.myhome.apk.sys_names.txt,benign,1,5,0.5384615384615384,1.352428370642763,1.4503172006341873,14,0.7213791872050687,0.17846693973083674,26.0,0.44334414531833666,2,0.021650087770626096,1,1,1,0,0,1,0,1,0,0
com.amour.maman4you.apk.sys_names.txt,benign,1,4,0.5151515151515151,1.719321881880634,1.4378052085154573,17,0.7583283305008335,0.16989293825024332,33.0,0.5355087368742341,1,0.03720125446090624,0,0,1,1,1,1,0,0,0,0
com.anadreline.android.madrees.apk.sys_names.txt,benign,1,4,0.45714285714285713,1.7286932602333165,1.4063404361684377,16,0.7663846992142493,0.1426190886628742,35.0,0.9706135377489242,2,0.0033902200769982188,0,0,1,0,1,1,0,0,0,1
com.analog.new.rose.clock.apk.sys_names.txt,benign,1,5,0.56,1.6468308371183633,1.3141588925202308,14,0.7727568092740004,0.20090994439228713,25.0,0.7336861966399822,1,0.05300787174117137,1,1,1,0,1,0,1,0,0,0
com.ancalutu.sunshine.torino.apk.sys_names.txt,benign,1,5,0.5238095238095238,1.4518212012197655,1.2952736957742623,11,0.7653159911130882,0.21367521367521367,21.0,0.6133590629039056,0,0.02849002849002849,1,1,1,0,1,0,1,0,0,0
com.anchorfree.kaboom.apk.sys_names.txt,benign,1,3,0.5,1.5562241447705856,1.6195895590223381,11,0.6349283043549713,0.2564395845724482,22.0,0.3646951490874324,0,0.06300041176739717,0,1,0,0,0,0,1,1,0,0
com.andersonsolutions.weathertime.apk.sys_names.txt,benign,1,6,0.5517241379310345,1.2729081831076436,1.3135657496123663,16,0.7593278052736052,0.15564179796107508,29.0,0.42245090441768474,0,0.017493049119555144,1,1,1,0,1,1,0,1,0,0
com.andrewou.weatherback.apk.sys_names.txt,benign,1,5,0.5384615384615384,1.278642768515793,1.0702417106718898,14,0.8253052687952813,0.1677555726364335,26.0,0.4905365085103009,2,0.0622598001537279,1,1,1,0,1,1,0,0,0,0
com.andrewtretiakov.followers_assistant.apk.sys_names.txt,benign,1,4,0.5416666666666666,1.3676431515082605,1.4443116817319344,13,0.7166991519873247,0.1942465030351016,24.0,0.5581833523830206,2,0.014251781472684086,1,1,1,0,0,0,1,0,0,0
com.androidintercom.apk.sys_names.txt,benign,1,3,0.5483870967741935,3.3240406005335927,2.7160344369857823,17,0.5000349419466266,0.36188497987796964,31.0,0.7797921995628081,2,0.005439439179540439,1,0,0,1,0,0,0,0,0,1
com.androidlab.gpsfix.apk.sys_names.txt,benign,1,4,0.5,1.6624841609813916,1.3802749874256524,13,0.7491439444879237,0.19812962157459765,26.0,0.43458999852518243,2,0.03338408003479774,0,1,1,0,1,0,0,1,0,0
com.androidsx.checkspelling.apk.sys_names.txt,benign,1,3,0.42857142857142855,2.051418345339641,1.6155545317114883,18,0.7278056179995752,0.17478043389751644,42.0,1.039873280237325,3,0.07322747629849358,0,0,0,1,0,1,0,0,1,0
com.andromo.dev27966.app214596.apk.sys_names.txt,benign,1,3,0.5161290322580645,1.663631046720595,1.615948086235674,16,0.6977068335828541,0.18185133410320306,31.0,0.43859795272605334,3,0.02567920743937276,0,1,0,0,0,0,0,1,1,0
com.andromo.dev516135.app585099.apk.sys_names.txt,benign,1,3,0.46875,2.1065234933154984,1.8274257934114304,15,0.6637399864989628,0.2063836148901181,32.0,0.43476933457224676,3,0.0007474958887726118,0,0,0,0,0,0,0,1,1,1
com.andromo.dev540689.app521605.apk.sys_names.txt,benign,1,3,0.5333333333333333,2.237546135139949,1.5902619572608498,16,0.7187096257367073,0.2344301652308996,30.0,0.432967011606092,3,0.09108882926140376,1,0,0,0,0,0,0,1,1,0
com.andromo.dev552033.app565325.apk.sys_names.txt,benign,1,4,0.52,1.689969926780486,1.3869350507104703,13,0.7573213186248436,0.2028985507246377,25.0,0.47023699940342684,0,0.03707886316581969,0,1,1,0,1,0,1,0,0,0
com.andromo.dev623844.app667774.apk.sys_names.txt,benign,1,6,0.5555555555555556,1.1681541512131992,1.275608436658906,15,0.7704634726306638,0.15047701647875109,27.0,0.509194750334016,1,0.011816999132697311,1,1,1,0,1,1,0,0,0,1
com.andromo.dev623845.app685007.apk.sys_names.txt,benign,1,7,0.5416666666666666,1.2301340290873046,1.2322178776018844,13,0.7854547183477649,0.16497061774401606,24.0,0.4949822316982308,1,0.010319621613874157,1,1,1,0,1,1,1,0,0,1
com.andromo.dev627090.app677807.apk.sys_names.txt,benign,1,3,0.4444444444444444,2.027897286721159,1.7979213358031634,16,0.6738029762084389,0.17933708377679794,36.0,0.5811380466119496,3,0.0015964725558765395,0,0,0,0,0,1,0,0,1,1
com.andromo.dev640835.app634578.apk.sys_names.txt,benign,1,5,0.4473684210526316,1.6150518137930256,1.5521901832243912,17,0.7232816205877702,0.13389830508474576,38.0,0.5509335263176941,3,0.003479036574487065,0,1,0,1,0,1,0,0,1,1
com.andromo.dev640835.app634882.apk.sys_names.txt,benign,1,6,0.5,1.3692833778716422,1.4067366305591074,15,0.7432083832718145,0.14673961790295093,30.0,0.4204745621886277,0,0.005262056387717882,0,1,1,0,1,1,0,1,0,1
com.andromo.dev648448.app709190.apk.sys_names.txt,benign,1,5,0.4838709677419355,1.4467605074864613,1.3282563467994308,15,0.7736769279539721,0.14394605687481676,31.0,0.6449715788849448,2,0.0016124303723248313,0,1,1,0,1,1,0,0,0,1
com.andromo.dev648448.app709240.apk.sys_names.txt,benign,1,5,0.5384615384615384,1.2498631683927495,1.129725210590056,14,0.8191628398518307,0.15757758360952093,26.0,0.5309101418280707,1,0.039771015366074115,1,1,1,0,1,1,0,0,0,0
com.andromo.dev648448.app719028.apk.sys_names.txt,benign,1,6,0.5384615384615384,1.1867708335526184,1.2579797036277,14,0.7803549715256148,0.140304026294166,26.0,0.5519365036348026,1,0.0022596548890714873,1,1,1,0,1,1,0,0,0,1
com.andromo.dev648448.app720618.apk.sys_names.txt,benign,1,4,0.4827586206896552,1.5119737880849426,1.4516444837663818,14,0.73743780158998,0.16984141047222467,29.0,0.4713274989369932,2,0.026579250465136883,0,1,1,0,1,1,0,0,0,0
com.andromo.dev649829.app692664.apk.sys_names.txt,benign,1,5,0.52,1.2291213016435563,1.2743674666882545,13,0.7723501733968864,0.16184843536213975,25.0,0.4823795404573023,0,0.019420046784658165,0,1,1,0,1,1,1,0,0,0
com.andromo.dev649829.app694068.apk.sys_names.txt,benign,1,3,0.5384615384615384,1.491166009487867,1.4464785434546752,14,0.7335448192768,0.18311141458973484,26.0,0.464500456775704,0,0.02321611471491977,1,1,1,0,0,0,0,0,0,0
com.andromo.dev649829.app696611.apk.sys_names.txt,benign,1,6,0.5384615384615384,1.4324011759630257,1.3671471106000532,14,0.7553673580025693,0.166988416988417,26.0,0.48814740068035467,0,0.00623025623025623,1,1,1,0,1,1,0,0,0,1
com.andromo.dev649829.app697077.apk.sys_names.txt,benign,1,3,0.5172413793103449,1.6459953139611125,1.4457165948488457,15,0.7403074801097151,0.18954771570701584,29.0,0.4854664292282864,1,0.05003144833895592,0,1,1,0,1,0,0,0,0,0
com.andromo.dev660614.app719422.apk.sys_names.txt,benign,1,5,0.46875,1.606990183967155,1.4834756924361232,15,0.738925421384588,0.15831465710443748,32.0,0.5030337218752072,2,0.010578216046615867,0,1,1,0,1,1,0,0,0,1
com.andromo.dev660614.app719481.apk.sys_names.txt,benign,1,3,0.5172413793103449,1.5188424844221882,1.4837640378642338,15,0.729758603104656,0.17060182214808162,29.0,0.47695039112682,2,0.02329013216989606,0,1,1,0,0,1,0,0,0,0
com.andromo.dev660614.app720499.apk.sys_names.txt,benign,1,3,0.5172413793103449,1.507161122032536,1.4773405812522902,15,0.731277332506918,0.16915974145891044,29.0,0.529676462099879,2,0.01948291782086796,0,1,1,0,0,1,0,0,0,0
com.andromo.dev660614.app724996.apk.sys_names.txt,benign,1,5,0.5555555555555556,1.2932376215459267,1.3152823914124276,15,0.7668910045867269,0.16183460076045628,27.0,0.5077715095843951,2,0.024120722433460078,1,1,1,0,1,1,0,0,0,0
com.andromo.dev660614.app727817.apk.sys_names.txt,benign,1,5,0.56,1.415094922128606,1.4054443220108501,14,0.7399388036543595,0.1869361241429087,25.0,0.460051707029233,1,0.03127631420666426,1,1,1,0,1,0,1,0,0,0
com.andromo.dev660614.app731154.apk.sys_names.txt,benign,1,5,0.5357142857142857,1.3578256692482646,1.3676193536674024,15,0.7553943396205927,0.16155335847518093,28.0,0.46219847684607124,1,0.016104372642951788,1,1,1,0,1,1,0,0,0,0
com.andromo.dev677622.app722177.apk.sys_names.txt,benign,1,6,0.5384615384615384,1.2654433634354705,1.3024697344277285,14,0.7684227065730371,0.15588704167615577,26.0,0.4875346017943907,1,0.0033022090639945345,1,1,1,0,1,1,0,0,0,1
com.andropenoffice.extensions.fonts.apk.sys_names.txt,benign,1,5,0.5263157894736842,1.6770006455493989,1.672768398076458,10,0.606047947674713,0.2848807828364037,19.0,0.341837612699053,5,0.02104102540543024,1,1,0,0,0,0,1,1,1,0
com.animoji.phonex.apk.sys_names.txt,benign,1,4,0.45,1.3616117633926095,1.5349470567129746,9,0.6401953189612453,0.2678237650200267,20.0,0.24396515899075427,3,0.11562082777036048,0,1,0,0,0,0,1,1,1,0
com.anminaapplications.easydrugdose.android.apk.sys_names.txt,benign,1,5,0.4666666666666667,1.8586054150451117,1.13895327820848,7,0.813123613575841,0.29292929292929293,15.0,0.1840742354603907,3,0.1111111111111111,0,0,1,0,1,0,1,1,1,0
com.antmediastudio.ElectricalWiringCarHarness.apk.sys_names.txt,benign,1,3,0.5652173913043478,1.7040854838156416,1.5627128420162084,13,0.6894175741352561,0.22794930126746832,23.0,0.47169773122429154,2,0.01059473513162171,1,0,0,0,0,0,1,0,0,1
com.antonnikitin.solunarforecast.apk.sys_names.txt,benign,1,5,0.5454545454545454,1.517468855019267,1.309496401737954,12,0.7676381856358596,0.2118339326577313,22.0,0.4954141202961052,0,0.035632559660019616,1,1,1,0,1,0,1,0,0,0
com.antutu.ABenchMark.apk.sys_names.txt,benign,1,3,0.42105263157894735,2.1480449731536253,1.34776756597771,16,0.7929883585632582,0.17327915869980878,38.0,0.5860261999294007,2,0.07839388145315487,0,0,1,0,1,1,0,0,0,0
com.any.all.video.downloader.apk.sys_names.txt,benign,1,3,0.3953488372093023,3.279412305803601,2.3765133379021464,17,0.6081406835875269,0.25022078304386225,43.0,0.5659789135792122,3,0.0016190756549896968,0,0,0,1,0,0,0,0,1,1
com.apertoxcultura.app.apk.sys_names.txt,benign,1,3,0.47368421052631576,1.5352320326547324,1.5297698905413701,9,0.6581121560590549,0.2600173743077424,19.0,0.3490562022792064,2,0.022749484200238895,0,1,0,0,0,0,1,1,0,0
com.apkinstaller.ApkInstaller.apk.sys_names.txt,benign,1,3,0.4411764705882353,1.8352237232052244,1.4726690824969986,15,0.7498562949809614,0.16243079180841838,34.0,0.9895880736344005,0,0.015475952238009473,0,0,1,0,1,1,0,0,0,0
com.app.animen.animencomics.apk.sys_names.txt,benign,1,3,0.4583333333333333,1.5992907142325623,1.7221495605799721,11,0.6294150285724455,0.21178436501017145,24.0,0.41314080396878583,0,0.012133100842778263,0,1,0,0,0,0,1,1,0,0
com.app.ic.free.apk.sys_names.txt,benign,1,5,0.5769230769230769,0.8699894228740808,1.0245654049592061,15,0.8378527969700348,0.1300877893056664,26.0,0.47314797737482733,1,0.017956903431763767,1,1,1,0,1,1,0,0,0,0
com.app.ifarma.apk.sys_names.txt,benign,1,4,0.5,1.3144908639984851,1.4304450840675982,12,0.724747995994068,0.18578680203045686,24.0,0.4165365368069078,0,0.02521150592216582,0,1,1,0,0,0,1,1,0,0
com.app.studio.voicerecord.apk.sys_names.txt,benign,1,7,0.53125,1.823713796021269,1.4840945157167327,17,0.7490494362138229,0.17008574839900142,32.0,0.4359298896288036,3,0.01953760989905568,1,0,1,1,1,1,0,1,1,0
com.app.ucbitaly.apk.sys_names.txt,benign,1,3,0.5714285714285714,1.7517370923266622,1.7775339590459545,12,0.5984218091810163,0.2730007520681875,21.0,0.28708396230056504,1,0.012973176234645275,1,0,0,0,0,0,1,1,0,0
com.app2game.romantic.photo.frames.apk.sys_names.txt,benign,1,5,0.5161290322580645,1.4420321626917036,1.3748636162051844,16,0.7577363879089798,0.14832010805335133,31.0,0.7818542785271685,1,0.00903258483876414,0,1,1,0,1,1,0,0,0,1
com.app3ding.second_chef.apk.sys_names.txt,benign,1,3,0.52,2.011285837763773,1.3179015687496123,13,0.7929561543542785,0.20150464670305354,25.0,0.5978630198149611,0,0.012686236908098539,0,0,1,0,1,0,1,0,0,0
com.appboxer.app34_1.apk.sys_names.txt,benign,1,5,0.5789473684210527,1.5277329967523354,1.3873142374344862,11,0.727300891628765,0.23854545454545453,19.0,0.42141828574211426,1,0.016,1,1,1,0,0,0,1,1,0,0
com.appdreams.write.name.add.photo.birthday.cake.photo.frames.editor.live.wallpaper.apk.sys_names.txt,benign,1,3,0.5161290322580645,1.6825436266166924,1.5794589480269667,16,0.7139159642769061,0.16861598440545808,31.0,0.6973148926233901,2,0.004223521767381416,0,1,0,0,0,1,0,0,0,1
com.appeaser.sublimepicker.apk.sys_names.txt,benign,1,7,0.5454545454545454,1.1231282621256595,1.1271815601745996,12,0.7993071515833498,0.17132551848512173,22.0,0.3016856128329349,0,0.025763235862424322,1,1,1,0,1,1,1,1,0,0
com.appeffectsuk.bustracker.apk.sys_names.txt,benign,1,4,0.391304347826087,2.0603185258792207,1.6114106475742487,18,0.7445214952734707,0.14000182531714886,46.0,0.6030508351290544,1,0.008852788171944875,0,0,0,1,1,1,0,0,0,1
com.appfour.wearbrowser.apk.sys_names.txt,benign,1,4,0.5652173913043478,1.6899175951423917,1.4202937013329027,13,0.7243776302862269,0.24121888811351477,23.0,0.6376291174135839,1,0.09740637357525006,1,1,1,0,0,0,1,0,0,0
com.appfour.wearmail.apk.sys_names.txt,benign,1,5,0.5555555555555556,1.2834031110147603,1.1778019009852136,15,0.7997465073641146,0.16542795492687604,27.0,0.4482317151951846,2,0.04603212658834812,1,1,1,0,1,1,0,0,0,0
com.appfour.wearmessages.apk.sys_names.txt,benign,1,4,0.5769230769230769,1.7184903867544479,1.3040261228335335,15,0.7735425944023964,0.20012903225806453,26.0,0.4724027351638717,3,0.05083870967741935,1,0,1,0,1,0,0,0,1,0
com.appfour.wearphotos.apk.sys_names.txt,benign,1,4,0.5454545454545454,1.9881497798877499,1.317734577206961,12,0.7678683213870368,0.25125009616124316,22.0,0.494373931722016,1,0.10400800061543196,1,0,1,0,1,0,1,0,0,0
com.applagapp.vagdpf_free.apk.sys_names.txt,benign,1,4,0.5172413793103449,1.5505926116810835,1.3051370334136134,15,0.7851033406051217,0.16847545219638244,29.0,0.5685732622151473,2,0.021705426356589147,0,1,1,0,1,1,0,0,0,0
com.applicaster.babytv.vod.apk.sys_names.txt,benign,1,4,0.5652173913043478,2.15536935641519,1.836887570747635,13,0.6132451040835013,0.2903225806451613,23.0,0.4267228209391699,3,0.028546959748786755,1,0,0,0,0,0,1,1,1,0
com.applicationstudio.free.emoji.apk.sys_names.txt,benign,1,5,0.5384615384615384,1.3303660385535994,1.4208362920603903,14,0.7270935156941951,0.17427861647238677,26.0,0.39928329788002476,0,0.0167017007452704,1,1,1,0,0,1,0,1,0,0
com.applimoneweb.computersparts.apk.sys_names.txt,benign,1,3,0.4358974358974359,1.8374977956610283,1.5945284816970962,17,0.7197314535795897,0.16839929119905495,39.0,0.9919747484083002,3,0.042528056704075605,0,0,0,1,0,1,0,0,1,0
com.applimoneweb.lauto.apk.sys_names.txt,benign,1,4,0.425,1.5997343169079994,1.6023740365751211,17,0.7131808282799277,0.1356358709177889,40.0,0.8567783209074001,2,0.006996100987196859,0,1,0,1,0,1,0,0,0,1
com.applimoneweb.sparacello.apk.sys_names.txt,benign,1,4,0.5,1.3230632299664131,1.3330548080660485,16,0.7667926496308625,0.14538379908029714,32.0,0.4772781864363716,0,0.023063318004952246,0,1,1,0,1,1,0,0,0,0
com.applisto.appcloner.apk.sys_names.txt,benign,1,4,0.48148148148148145,1.4763127552892081,1.1829821931571245,13,0.8087714443090118,0.16292806413051122,27.0,0.5102027788898288,0,0.02517403839392448,0,1,1,0,1,1,0,0,0,0
com.appostiamoci.android.apk.sys_names.txt,benign,1,5,0.52,1.0055946355805958,1.1035671187662135,13,0.8171587056496693,0.1506931886678722,25.0,0.46754165874588066,1,0.037371910789632305,0,1,1,0,1,1,1,0,0,0
com.apps.balli.invoice.apk.sys_names.txt,benign,1,5,0.5652173913043478,1.3629712671510184,1.4869638211758507,13,0.6957375075734024,0.21455415100785788,23.0,0.3759371688116214,1,0.05944653228561667,1,1,1,0,0,0,1,1,0,0
com.apps.balli.mywallet.apk.sys_names.txt,benign,1,4,0.42857142857142855,1.8104006373423944,1.4702297656649224,15,0.7524737184924842,0.1659058843057515,35.0,0.4444670327298348,1,0.026309237281102165,0,0,1,0,1,1,0,1,0,0
com.apps_maps.medical.pharmaceutical.drug.dictionary.apk.sys_names.txt,benign,1,4,0.4375,1.0781200540008447,1.3260902629187434,7,0.6822339978444577,0.25137037287676794,16.0,0.3292393267529052,1,0.056506733437098194,0,1,1,0,0,0,1,1,0,0
com.appsandprojects.schoolworld.apk.sys_names.txt,benign,1,4,0.4411764705882353,1.5277062032604476,1.4365202309770377,15,0.749867478147052,0.1478434598660242,34.0,0.6197277618584488,0,0.02091902691268069,0,1,1,0,1,1,0,0,0,0
com.appsbuilder701659.apk.sys_names.txt,benign,1,3,0.46153846153846156,1.720049777464676,1.6498881752992387,18,0.6995943815329136,0.1505060398302318,39.0,0.8817956561078677,3,0.01665034280117532,0,0,0,1,0,1,0,0,1,0
com.appsbuzz.diy.minute.crafts.ideas.apk.sys_names.txt,benign,1,3,0.5555555555555556,1.8094677867276785,1.4272194006850825,15,0.7579459342744981,0.19480231008440693,27.0,0.5134253951106481,1,0.014549089293647267,1,0,1,0,1,0,0,0,0,0
com.appsfromthelocker.recipes.apk.sys_names.txt,benign,1,4,0.5357142857142857,1.807831323831087,1.3047698374538754,15,0.7932643444591249,0.17909571344685848,28.0,0.6205743085054584,0,0.017968291250734,1,0,1,0,1,1,0,0,0,0
com.appsshapesolution.livestreetviewlivemap.gpsroutefinder.apk.sys_names.txt,benign,1,7,0.5652173913043478,0.9941846747333477,1.0721353120272286,13,0.8252327394189097,0.14763231197771587,23.0,0.48874053499805725,1,0.010445682451253482,1,1,1,0,1,1,1,0,0,1
com.appsvolume.mostPopularRingtonesFree.apk.sys_names.txt,benign,1,3,0.55,2.172877139783686,1.8632566267801618,11,0.5941461579634586,0.32495045445226545,20.0,0.42140322414548764,1,0.027062119866056174,1,0,0,0,0,0,1,1,0,0
com.appswiz.herbalifenutritionmember.apk.sys_names.txt,benign,1,4,0.4375,1.5290210258238877,1.4990043204586154,7,0.6573147607057979,0.2889944576405384,16.0,0.35716260227555324,3,0.01741884402216944,0,1,0,0,0,0,1,1,1,0
com.apptrends.photo.name.art.photo.editor.live.wallpaper.apk.sys_names.txt,benign,1,6,0.5238095238095238,1.080449948026263,1.0297545201549867,11,0.8340018301860509,0.16666666666666666,21.0,0.6694152100866234,2,0.020114942528735632,1,1,1,0,1,1,1,0,0,0
com.apptuse.app375786850.apk.sys_names.txt,benign,1,5,0.5,1.2569500607215267,1.0525140125089156,14,0.8384316299987326,0.13983455297486477,28.0,0.36858121643255065,0,0.012408526885141585,0,1,1,0,1,1,0,1,0,0
com.appvent.outlands.apk.sys_names.txt,benign,1,5,0.0,0.0,0.0,0,-1.000089400708482e-06,1.0,1.0,0.0,0,0.0,0,1,1,0,0,0,1,1,0,1
com.appxy.tinycalendar.apk.sys_names.txt,benign,1,4,0.5161290322580645,1.3883895221638545,1.285765414300076,16,0.7719452538048978,0.16330122487810678,31.0,0.8743102602236384,0,0.05394220478059222,0,1,1,0,1,1,0,0,0,0
com.appybuilder.avielbarda87.ICONSPackOpenerForFUT18.apk.sys_names.txt,benign,1,4,0.5263157894736842,2.0915052369670515,1.437671993967337,10,0.745448213034167,0.2823461759631972,19.0,0.5373374148985387,0,0.0488786658999425,1,0,1,0,1,0,1,0,0,0
com.apusapps.theme.i_steam_punk_4ef8c74844.apk.sys_names.txt,benign,1,3,0.5652173913043478,1.7160905299272269,1.4495086596089921,13,0.7280147339166206,0.230938123752495,23.0,0.5366597514203146,0,0.03942115768463074,1,0,1,0,0,0,1,0,0,0
com.apusapps.tools.unreadtips.apk.sys_names.txt,benign,1,3,0.3333333333333333,1.83840216612251,1.4647644801026682,5,0.7052324874546179,0.3537117903930131,15.0,0.39746445130518765,2,0.14410480349344978,0,0,1,0,0,0,1,1,0,0
com.aqreadd.lw.newyears.lite.apk.sys_names.txt,benign,1,5,0.5172413793103449,1.286983662309445,1.2793514508646435,15,0.7757512260928259,0.15189289012003693,29.0,0.3998526872202357,2,0.01569713758079409,0,1,1,0,1,1,0,1,0,0
com.artelplus.howtodraw.apk.sys_names.txt,benign,1,5,0.5357142857142857,1.5717809067170923,1.3577845850600756,15,0.7651236241034055,0.17095391211146838,28.0,0.5129848782111146,2,0.01518399428367274,1,1,1,0,1,1,0,0,0,0
com.artmaker.slideshowmaker.apk.sys_names.txt,benign,1,5,0.5416666666666666,1.3785462044874597,1.4271581610723805,13,0.730673159943677,0.18284424379232506,24.0,0.49109966557522783,3,0.019413092550790066,1,1,1,0,0,0,1,0,1,0
com.artur.instVideo.apk.sys_names.txt,benign,1,5,0.36363636363636365,0.44522868020459483,0.9758292033839275,4,0.7711682441113453,0.25265926129450095,11.0,0.3385391204947178,0,0.05322447697923617,0,1,1,0,1,0,1,1,0,0
com.artursfer.faustopsounds.apk.sys_names.txt,benign,1,5,0.53125,1.875988130968303,1.7306183315580863,17,0.687968795778454,0.17632458233890214,32.0,0.46539401811228004,4,0.0034367541766109786,1,0,0,1,0,1,0,0,1,1
com.as.skipic.apk.sys_names.txt,benign,1,4,0.6,1.3862681803959762,1.535825434635281,15,0.6908047721425559,0.18942297164130079,25.0,0.4691971751066458,3,0.02518340085404577,1,1,0,0,0,0,1,0,1,0
com.ascendik.eyeshield.apk.sys_names.txt,benign,1,4,0.6,1.8409591527979525,1.4399607523411582,15,0.7490427474063922,0.21058570109754846,25.0,0.5804017236061554,2,0.017540260539542517,1,0,1,0,1,0,1,0,0,0
com.aspinfoone.apk.sys_names.txt,benign,1,3,0.4411764705882353,2.3147242972279845,1.6085124996024127,15,0.7404949626783811,0.17523975588491716,34.0,0.4915509288152096,2,0.002092414995640802,0,0,0,0,1,1,0,0,0,1
com.asus.livewallpaper.asusmywater.apk.sys_names.txt,benign,1,3,0.7857142857142857,1.9436129103786612,1.5393377598475835,11,0.6628487329929252,0.3987341772151899,14.0,0.37118286906244485,0,0.19168173598553345,1,0,0,0,0,0,1,1,0,0
com.asus.livewallpaper.asusmywater2.apk.sys_names.txt,benign,1,5,0.9166666666666666,1.787172707409339,1.1335834733052859,11,0.7978360497990094,0.3474576271186441,12.0,0.25602049128896653,0,0.1673728813559322,1,0,1,0,1,0,1,1,0,0
com.atdesenvolvimento.piadasTop.apk.sys_names.txt,benign,1,4,0.5416666666666666,1.586338791353476,1.5141645154271601,13,0.7111961064523338,0.20711534103784274,24.0,0.41128662036043867,0,0.020280987990029458,1,1,0,0,0,0,1,1,0,0
com.attendify.confx1all9.apk.sys_names.txt,benign,1,4,0.48148148148148145,0.83793070169851,0.9655379101037265,13,0.844256335664341,0.12859396632216105,27.0,0.4506131713567746,1,0.021088895328246243,0,1,1,0,1,1,0,0,0,0
com.audioguidia.worldexplorer.apk.sys_names.txt,benign,1,3,0.5,1.6137278251190108,1.3309398615614312,13,0.7694779861037567,0.18644986449864498,26.0,0.5766428050431077,1,0.022222222222222223,0,1,1,0,1,0,0,0,0,0
com.aurigaspa.bancadalba.apk.sys_names.txt,benign,1,3,0.5217391304347826,2.024280033780793,1.866189891003452,12,0.5952867460301318,0.27979890310786104,23.0,0.3851944748877194,2,0.016819012797074956,1,0,0,0,0,0,1,1,0,0
com.aurigaspa.savigliano.apk.sys_names.txt,benign,1,3,0.5238095238095238,1.7081644272327405,1.7228882323003276,11,0.6086390425506276,0.2662160218610672,21.0,0.32624151964823705,1,0.013806989788580469,1,0,0,0,0,0,1,1,0,0
com.austral.gpscartracker.trial.apk.sys_names.txt,benign,1,4,0.5172413793103449,1.6912967631454319,1.3429120956424356,15,0.777661494968722,0.17665450755601875,29.0,0.5326709892707692,1,0.03335070349140177,0,1,1,0,1,1,0,0,0,0
com.authentico.apk.sys_names.txt,benign,1,3,0.52,1.4671492537688797,1.5388557449295228,13,0.6990490130231038,0.1972646623952686,25.0,0.4016072438326476,1,0.024026614095613602,0,1,0,0,0,0,1,1,0,0
com.autolina.ch.apk.sys_names.txt,benign,1,4,0.5161290322580645,1.6953509727655176,1.2915356870745947,16,0.7908656513589307,0.16847335140018066,31.0,0.5295375538850298,1,0.03462812405901837,0,1,1,0,1,1,0,0,0,0
com.autovindecoder.apk.sys_names.txt,benign,1,5,0.5714285714285714,1.7025276736270345,1.7443125792648535,16,0.6440818936043581,0.20903408245274593,28.0,0.35880972834158326,3,0.011385622860544724,1,1,0,0,0,0,0,1,1,1
com.aveq.iwt.apk.sys_names.txt,benign,1,5,0.0,0.0,0.0,0,-1.000089400708482e-06,1.0,1.0,0.0,0,0.0,0,1,1,0,0,0,1,1,0,1
com.avis.treviso.apk.sys_names.txt,benign,1,3,0.5416666666666666,2.0425646313117376,1.625837486012207,13,0.692317625960344,0.24576666148827092,24.0,0.4107858182443231,1,0.01910828025477707,1,0,0,0,0,0,1,1,0,0
com.awabe.englishpronunciation.apk.sys_names.txt,benign,1,5,0.5,1.6093913018840684,1.29062221379447,15,0.7972034005964282,0.15691458113030196,30.0,0.440605598455636,0,0.014569380801315944,0,1,1,0,1,1,0,1,0,0
com.axelero.bomboniereonline.bagheria.pa.apk.sys_names.txt,benign,1,3,0.44,2.164697129751912,1.9818133217721168,11,0.5764143924291326,0.28050804186877715,25.0,0.4411262076014422,0,0.00791422006637733,0,0,0,0,0,0,1,1,0,1
com.axiommobile.tabatatraining.apk.sys_names.txt,benign,1,5,0.52,1.3611835937545356,1.196784510530483,13,0.7967600791874155,0.17452357071213642,25.0,0.4928194113336895,1,0.030313161707344254,0,1,1,0,1,1,1,0,0,0
com.aycka.apps.MassReadings.apk.sys_names.txt,benign,1,3,0.46153846153846156,1.9012534694901766,1.7724148991032893,18,0.6801440501382148,0.16944762363713028,39.0,1.0049725616169423,3,0.032046262273357023,0,0,0,1,0,1,0,0,1,0
com.ayyildizsoftware.whoviewedmyfbprofile.apk.sys_names.txt,benign,1,9,0.5416666666666666,0.9451145191457152,1.0660496882023196,13,0.8301766767092325,0.14338235294117646,24.0,0.26342929159149076,3,0.011029411764705883,1,1,1,0,1,1,1,1,1,1
com.aztmx.allie.apk.sys_names.txt,benign,1,5,0.5833333333333334,1.655145787769387,1.3956672755785668,14,0.7553891419383131,0.2064597234310028,24.0,0.5426889720808199,0,0.023208587177255584,1,1,1,0,1,0,1,0,0,0
com.azya.gear.weather.apk.sys_names.txt,benign,1,7,0.5333333333333333,1.3122895666914995,1.2905419683352355,16,0.7626826544980535,0.16492425858758267,30.0,0.3661683346302276,4,0.04715169618092597,1,1,1,0,1,1,0,1,1,0
com.babelmixapps.BuongiornoBuonaSeraBuonaNotte.apk.sys_names.txt,benign,1,5,0.52,1.254336839773597,1.2588339715933772,13,0.775303070924341,0.1791469194312796,25.0,0.48419510216437905,0,0.05696682464454976,0,1,1,0,1,1,1,0,0,0
com.babyalbum.babysnap.apk.sys_names.txt,benign,1,3,0.45714285714285713,1.9370900618666858,1.7533254538791867,16,0.6823529779157562,0.16728449147401767,35.0,0.9979538163681162,3,0.0002695962795713419,0,0,0,0,0,1,0,0,1,1
com.babygender.predictor.apk.sys_names.txt,benign,1,4,0.5416666666666666,1.4023007528393927,1.5347173912257186,13,0.6880381196711449,0.20945555983070413,24.0,0.38740089345631784,0,0.039438245479030395,1,1,0,0,0,0,1,1,0,0
com.babyjoy.android.apk.sys_names.txt,benign,1,5,0.48484848484848486,1.210341812417746,1.1041199471726828,16,0.8328544616622666,0.13307683603032702,33.0,0.4151033504420771,0,0.04367998189430802,0,1,1,0,1,1,0,1,0,0
com.backdrops.wallpapers.apk.sys_names.txt,benign,1,3,0.40540540540540543,1.8797838603008257,1.7067976746697728,15,0.6995561950932259,0.16260858925731067,37.0,0.41973428375603317,0,0.006607121008197724,0,0,0,0,0,1,0,1,0,1
com.banatarab.zawajbanat.apk.sys_names.txt,benign,1,3,0.45454545454545453,1.791247874515804,1.7734425102063067,15,0.6644529622312759,0.16878290492412512,33.0,0.44354318121699926,0,7.74233508826262e-05,0,0,0,0,0,1,0,1,0,1
com.bandcamp.android.apk.sys_names.txt,benign,1,4,0.4857142857142857,1.717793389204746,1.4507394742096222,17,0.7608000056901597,0.15275257108287962,35.0,0.51635024706531,0,0.021778584392014518,0,0,1,1,1,1,0,0,0,0
com.bandsintown.apk.sys_names.txt,benign,1,3,0.5217391304347826,1.734330924552788,1.5520452751221698,12,0.6986294280968682,0.23380281690140844,23.0,0.4392236809732484,1,0.02716297786720322,1,0,0,0,0,0,1,1,0,0
com.bank.guidelepsworld4.apk.sys_names.txt,benign,1,3,0.4444444444444444,2.97182997581843,2.419099345083586,16,0.5524241686725895,0.28126268777913116,36.0,0.4221099694318332,3,0.006394640682095006,0,0,0,0,0,0,0,1,1,1
com.barrydrillercom.android.apk.sys_names.txt,benign,1,7,0.5555555555555556,1.0527111530011268,1.1976135820418388,20,0.7989655140900181,0.11572421566785647,36.0,0.4498202525828082,0,0.00958106331016344,1,1,1,1,1,1,0,0,0,1
com.basti12354.bikinibody.apk.sys_names.txt,benign,1,6,0.5172413793103449,1.1197149824015944,1.2196198186729104,15,0.7785525713866652,0.1532976827094474,29.0,0.3314529465197569,4,0.04723707664884135,0,1,1,0,1,1,0,1,1,0
com.bat.lifebattery.apk.sys_names.txt,benign,1,4,0.5833333333333334,2.45145001138227,2.006198930304944,14,0.5920677390588921,0.3112080244221544,24.0,0.442017645143193,4,0.020497165285651986,1,0,0,0,0,0,1,1,1,0
com.bayer.bcscowdition.apk.sys_names.txt,benign,1,5,0.0,0.0,0.0,0,-1.000089400708482e-06,1.0,1.0,0.0,0,0.0,0,1,1,0,0,0,1,1,0,1
com.bazickoff.internetgratis.apk.sys_names.txt,benign,1,3,0.4358974358974359,1.847074040157477,1.82738171422129,17,0.6671988724865705,0.15261813537675606,39.0,0.8884755286058375,2,0.0041797283176593526,0,0,0,1,0,1,0,0,0,1
com.bb8qq.htd.drawbasketballface.apk.sys_names.txt,benign,1,5,0.5,1.6497862749707262,1.3419597940789594,15,0.7655185774331749,0.17722855935783693,30.0,0.4369289540611503,1,0.03574144486692015,0,1,1,0,1,1,0,1,0,0
com.bb8qq.htd.drawlogocub.apk.sys_names.txt,benign,1,5,0.5,1.4981224442066696,1.317280768861904,14,0.773902682260849,0.1724858251268278,28.0,0.43029605848582414,1,0.03282602208296031,0,1,1,0,1,1,0,1,0,0
com.bb8qq.htd.drawworldcar.apk.sys_names.txt,benign,1,4,0.45714285714285713,1.7074991500978356,1.4396944518273955,16,0.7550169998084852,0.14619475198326215,35.0,0.5791003221972407,2,0.004271641530816842,0,0,1,0,1,1,0,0,0,1
com.bbva.bbvacontigo.apk.sys_names.txt,benign,1,7,0.5454545454545454,0.7591787424050362,1.0573028665470503,12,0.8172805432423836,0.14086554909339719,22.0,0.4098471655021986,0,0.017960998973657202,1,1,1,0,1,1,1,1,0,0
com.beebeetle.auroranotifier.apk.sys_names.txt,benign,1,5,0.5416666666666666,2.357402768264597,1.2035511372444365,13,0.8276291325758688,0.2336065573770492,24.0,0.31247085569592553,2,0.13524590163934427,1,0,1,0,1,0,1,1,0,0
com.bendapps.Italy.apk.sys_names.txt,benign,1,3,0.47058823529411764,1.9863601517527314,1.5533049160177224,16,0.7473605849171466,0.1675751714436434,34.0,0.6852887789667413,0,0.010022859152452964,0,0,0,0,1,1,0,0,0,1
com.bentoboxpro.artefiera18.apk.sys_names.txt,benign,1,3,0.4358974358974359,1.702874357660671,1.5495673837295885,17,0.7306612069235919,0.14492948287441235,39.0,0.9628070425055534,2,0.010566375643608687,0,0,0,1,0,1,0,0,0,1
com.bergamo.notizie.apk.sys_names.txt,benign,1,6,0.5517241379310345,0.9644090333232783,1.0739362828293864,16,0.8262949663034274,0.13781512605042018,29.0,0.5046385042248897,3,0.04201680672268908,1,1,1,0,1,1,0,0,1,0
com.berobo.police.scanner.x.apk.sys_names.txt,benign,1,5,0.5,1.6827301626113973,1.415605922889763,15,0.7558957655724583,0.1772359950691686,30.0,0.431378115622288,0,0.023969319271332695,0,1,1,0,1,1,0,1,0,0
com.bestlock.emojipattern.apk.sys_names.txt,benign,1,5,0.5161290322580645,1.4673725494554346,1.432735473878319,16,0.7449641387012946,0.14251528848710449,31.0,0.512927027585869,1,0.004852432863600107,0,1,1,0,1,1,0,0,0,1
com.bettips01.soccerpredictions.apk.sys_names.txt,benign,1,3,0.5,1.655437557771982,1.7401272196987816,15,0.6554093568382866,0.18486226939600708,30.0,0.40621380317225764,1,0.003411675511751327,0,1,0,0,0,0,0,1,0,1
com.bigbear.stefano_pc.carabinierihd.apk.sys_names.txt,benign,1,3,0.6,1.848308011706104,1.7159796658362485,12,0.6114017340362488,0.2848613506700279,20.0,0.3917004553436935,1,0.01379859360488258,1,0,0,0,0,0,1,1,0,0
com.bigos.androdumpper.apk.sys_names.txt,benign,1,5,0.48484848484848486,1.632715236741655,1.427608042201786,16,0.7576791631918091,0.14678280415847147,33.0,0.5599625289155995,1,0.005675751615622366,0,1,1,0,1,1,0,0,0,1
com.bigrigio.apk.sys_names.txt,benign,1,4,0.5,1.5745968882321477,1.3506094224320664,12,0.7610320162300255,0.19834238353815375,24.0,0.45323435828126235,0,0.02129179765647328,0,1,1,0,1,0,1,0,0,0
com.bilpix.bilpix.apk.sys_names.txt,benign,1,4,0.38461538461538464,2.217179821935273,1.3464140351076461,5,0.7391858496681707,0.39793577981651373,13.0,0.2784246660151187,1,0.24426605504587157,0,0,1,0,1,0,1,1,0,0
com.binatex.app.apk.sys_names.txt,benign,1,3,0.52,1.7184239005067752,1.380709402546834,13,0.7583161725192795,0.19808036602347323,25.0,0.603013976685327,0,0.01670976725681321,0,0,1,0,1,0,1,0,0,0
com.biribim.comicsme.free.apk.sys_names.txt,benign,1,5,0.5333333333333333,1.278061592764911,1.2074080619951808,16,0.7946726827064227,0.14039354410789298,30.0,0.5271907242327083,2,0.01459208489940305,1,1,1,0,1,1,0,0,0,0
com.bitcubate.android.su.installer.apk.sys_names.txt,benign,1,3,0.425,2.575546453849692,1.977592336511119,17,0.6603459963050017,0.20540335816184827,40.0,0.481993462088696,4,0.007196061103396036,0,0,0,1,0,0,0,0,1,1
com.bitdrome.rmc2.apk.sys_names.txt,benign,1,4,0.5416666666666666,1.24372319554606,1.4154139798007557,13,0.7177174597108921,0.1866392909008964,24.0,0.5061802905565044,2,0.02774300165256147,1,1,1,0,0,0,1,0,0,0
com.blackberry.hub.apk.sys_names.txt,benign,1,6,0.5217391304347826,1.3861065069993368,1.1405394329094454,12,0.8054189597554575,0.19771863117870722,23.0,0.3477019163341748,0,0.0750086415485655,1,1,1,0,1,0,1,1,0,0
com.blackratel.kalkulatorwiekuwczeniaka.apk.sys_names.txt,benign,1,4,0.5217391304347826,1.4935622790219056,1.6369039686486409,12,0.6443326196557798,0.2193312042081533,23.0,0.4007820401219749,0,0.01916212662032688,1,1,0,0,0,0,1,1,0,0
com.blinkslabs.blinkist.android.apk.sys_names.txt,benign,1,5,0.4838709677419355,1.4703095373054982,1.241469773409861,15,0.8053495242556771,0.15236427320490367,31.0,0.43357902563571665,1,0.02938314847246546,0,1,1,0,1,1,0,1,0,0
com.blogspot.androidinspain.apk.sys_names.txt,benign,1,3,0.5185185185185185,1.633624194210457,1.4475766050167553,14,0.7378352891279267,0.1970394078815763,27.0,0.5855016605376724,1,0.028805761152230446,0,1,1,0,1,0,0,0,0,0
com.blogspot.formyandroid.oknoty.apk.sys_names.txt,benign,1,4,0.56,1.6365795715788836,1.561049635906909,14,0.6956524632511097,0.2162345858821245,25.0,0.5025298940600539,3,0.027284202349742694,1,1,0,0,0,0,1,0,1,0
com.blueair.blueairandroid.apk.sys_names.txt,benign,1,3,0.46875,1.8633097406323256,1.43894192325962,15,0.7662310133100384,0.16549466537342386,32.0,0.5678600317122742,0,0.015882638215324926,0,0,1,0,1,1,0,0,0,0
com.bluebee.iphonexgestures.apk.sys_names.txt,benign,1,4,0.42857142857142855,1.2936795345223504,1.1447469306907612,15,0.8220638145678286,0.12980177717019822,35.0,0.5385089395928939,0,0.03144224196855776,0,1,1,0,1,1,0,0,0,0
com.bluefishapp.blureffect.apk.sys_names.txt,benign,1,5,0.42424242424242425,1.6144013132752126,1.3998019148961913,14,0.7580820817358718,0.15064102564102563,33.0,0.6791452384281926,1,0.005664877757901014,0,1,1,0,1,1,0,0,0,1
com.bluesheep.affichernumeroappelprive.apk.sys_names.txt,benign,1,5,0.5652173913043478,1.3525411718617049,1.4586257202663082,13,0.7056840130854114,0.20278132538668936,23.0,0.3503740731246618,0,0.01972470554846034,1,1,1,0,0,0,1,1,0,0
com.bonibon.AcrylicNailDesigns.apk.sys_names.txt,benign,1,6,0.5769230769230769,1.1506190151085767,1.2209172232757362,15,0.7854709054685638,0.14459125889356758,26.0,0.45920648443855566,1,0.0017133730216349645,1,1,1,0,1,1,0,0,0,1
com.bonibon.AcrylicNails.apk.sys_names.txt,benign,1,4,0.4838709677419355,1.6606362827896668,1.4519584937411227,15,0.746506273137276,0.16539601863617112,31.0,0.5097989073361165,1,0.015565438373570521,0,1,1,0,1,1,0,0,0,0
com.bonibon.GelManicure.apk.sys_names.txt,benign,1,4,0.46875,1.6613313753453012,1.4497345831081088,15,0.7478827592102989,0.16225982725189494,32.0,0.5434318397781613,0,0.018068041600564074,0,1,1,0,1,1,0,0,0,0
com.bonibon.GlitterNails.apk.sys_names.txt,benign,1,5,0.5555555555555556,1.2414997664849206,1.2468668627096067,15,0.7813512959337018,0.15177836701106337,27.0,0.4871644381429931,2,0.014446374691414465,1,1,1,0,1,1,0,0,0,0
com.bonibon.NaturalNails.apk.sys_names.txt,benign,1,5,0.5384615384615384,1.2492318766615462,1.2329746931429342,14,0.789467306386819,0.15608814867472326,26.0,0.5627056263636658,0,0.019904539453640704,1,1,1,0,1,1,0,0,0,0
com.botoxeditor.facelifting.apk.sys_names.txt,benign,1,3,0.45,1.5059463604036176,1.4636156240006792,9,0.6933630103479059,0.24205378973105135,20.0,0.47276895019559645,0,0.028753056234718827,0,1,1,0,0,0,1,0,0,0
com.botty.salvapatente.apk.sys_names.txt,benign,1,4,0.38461538461538464,1.3780596211609064,1.2806317395872957,15,0.7978841601216735,0.12154696132596685,39.0,0.6668276161908454,1,0.013907410935416269,0,1,1,0,1,1,0,0,0,0
com.botty.ubuntufontdemo.apk.sys_names.txt,benign,1,3,0.55,1.7882569166480273,1.7829176749700733,11,0.5952790570386424,0.2924326253792611,20.0,0.44449217606572383,0,0.051401035159735854,1,0,0,0,0,0,1,1,0,0
com.boxer.calendar.apk.sys_names.txt,benign,1,6,0.5416666666666666,1.2984254482330073,1.1112555296669353,13,0.824582713198659,0.16375087473757874,24.0,0.4690022044280512,0,0.020410543503615583,1,1,1,0,1,1,1,0,0,0
com.boys.hairstyle.images.apk.sys_names.txt,benign,1,3,0.4827586206896552,1.7974579547043357,1.2887540717628057,14,0.8029334208885817,0.17199494704110388,29.0,0.518654867622811,0,0.015256048974832377,0,0,1,0,1,1,0,0,0,0
com.bp.bloodpressure.checker.prank.free.apk.sys_names.txt,benign,1,3,0.5,1.8493853729004668,1.5267692944104372,16,0.7367067865306581,0.17831870931219926,32.0,0.3876724511810477,3,0.02066232663458817,0,0,0,0,0,1,0,1,1,0
com.bravegames.whoviewedmyfacebookprofile.apk.sys_names.txt,benign,1,7,0.5,0.9033513599522096,1.0243624849461639,12,0.8370334136272423,0.14391143911439114,24.0,0.48410003926298006,3,0.01107011070110701,0,1,1,0,1,1,1,0,1,1
com.bravesoft.chinacomic.apk.sys_names.txt,benign,1,6,0.5,1.0955843203988465,0.9438718656079894,10,0.8579703634215313,0.1645021645021645,20.0,0.4818957710930074,0,0.008658008658008658,0,1,1,0,1,1,1,0,0,1
com.bringsgame.love.apk.sys_names.txt,benign,1,4,0.53125,2.826326261736601,1.5064472215255882,17,0.7688050671736779,0.2387884709330728,32.0,0.4595884192102601,3,0.14137762579384466,1,0,0,1,1,0,0,0,1,0
com.briox.riversip.android.tech.science.apk.sys_names.txt,benign,1,6,0.5555555555555556,0.9293843953039916,1.0952647312136088,15,0.8126242390259474,0.1442894056847545,27.0,0.358665126379338,1,0.0351421188630491,1,1,1,0,1,1,0,1,0,0
com.brookop.drawinggraffitiletters.apk.sys_names.txt,benign,1,5,0.39473684210526316,1.3318238606488784,1.2407065838568974,15,0.8049985743332805,0.11353840953266289,38.0,0.8993927027155343,0,0.00557762190484239,0,1,1,0,1,1,0,0,0,1
com.brookop.kidsorigamianimal.apk.sys_names.txt,benign,1,3,0.40540540540540543,1.8901379816951862,1.3929543972030642,15,0.7795176812807181,0.15707456385422486,37.0,0.7916446905368661,0,0.022226361209412057,0,0,1,0,1,1,0,0,0,0
com.brosmike.airpushdetector.apk.sys_names.txt,benign,1,6,0.631578947368421,1.1746549035411085,0.989441154685325,12,0.845136286849622,0.18691588785046728,19.0,0.3596427432152962,1,0.028037383177570093,1,1,1,0,1,0,1,1,0,0
com.bti.tempMeter.apk.sys_names.txt,benign,1,4,0.56,1.313236376889364,1.4722018729508242,14,0.7085039558231409,0.19108129172173088,25.0,0.4486370419656709,0,0.030022703398732677,1,1,1,0,0,0,1,0,0,0
com.bucap.bibenda2018.apk.sys_names.txt,benign,1,3,0.47058823529411764,2.0749880321288123,1.4864113952075182,16,0.7593943865257898,0.1773852657004831,34.0,0.4805014179115404,0,0.02332427536231884,0,0,1,0,1,1,0,0,0,0
com.buoni.sconto.coupon.apk.sys_names.txt,benign,1,5,0.5833333333333334,1.4421714486401849,1.2987217100093043,14,0.7687929599568817,0.18570042057586542,24.0,0.5597127324297358,1,0.0175779143750674,1,1,1,0,1,0,1,0,0,0
com.burakkal.simpleiptv.apk.sys_names.txt,benign,1,6,0.56,1.535598650696956,1.359411611573357,14,0.7541969089805669,0.194601381042059,25.0,0.4375671189885898,1,0.03161559093762484,1,1,1,0,1,0,1,1,0,0
com.buta.caculator.apk.sys_names.txt,benign,1,3,0.43243243243243246,1.9512295595055722,1.555362144208303,16,0.7398966608657309,0.15640740151635651,37.0,0.9887873406948517,0,0.010975027835215524,0,0,0,0,1,1,0,0,0,1
com.buymeapie.bmap.apk.sys_names.txt,benign,1,5,0.4594594594594595,1.828900627790834,1.348166308351658,17,0.7838050884015682,0.15111876075731498,37.0,0.43647504068849935,0,0.02406196213425129,0,0,1,1,1,1,0,1,0,0
com.buzzapps.LearnToDrawKawaiiAnime.apk.sys_names.txt,benign,1,6,0.5333333333333333,1.2352136599224515,1.3501360121459314,16,0.7612494206680303,0.13640253294540475,30.0,0.5365849898033672,1,0.006760225911346911,1,1,1,0,1,1,0,0,0,1
com.byhours.byhours.apk.sys_names.txt,benign,1,3,0.5217391304347826,2.2191992394769597,1.9026150568705067,12,0.608015680970951,0.2934941835415769,23.0,0.41470301824449046,0,0.014907367514002585,1,0,0,0,0,0,1,1,0,0
com.callauto.recorderautomatic.callrecorder.apk.sys_names.txt,benign,1,5,0.38636363636363635,1.5734990553041046,1.469942301650461,17,0.7573031951871696,0.12609339897710434,44.0,0.95049490309041,1,0.019788729028249127,0,1,1,1,1,1,0,0,0,0
com.caller.ringtone.my.name.ringtone.maker.apk.sys_names.txt,benign,1,4,0.4666666666666667,1.513257965581342,1.173306843523276,14,0.8167842335642658,0.16549912434325745,30.0,0.5422719630153853,2,0.07530647985989491,0,1,1,0,1,1,0,0,0,0
com.callrecord.auto.apk.sys_names.txt,benign,1,3,0.45714285714285713,1.9113573855731691,1.4826208764399142,16,0.7612268422267181,0.16527531832363607,35.0,0.5231999533810372,0,0.017792393962391434,0,0,1,0,1,1,0,0,0,0
com.calmean.control.apk.sys_names.txt,benign,1,5,0.52,1.069193424926687,1.148569122923819,13,0.7998866974346808,0.1551194913396185,25.0,0.45446211929769165,0,0.034422275816706864,0,1,1,0,1,1,1,0,0,0
com.calosghero.memo.apk.sys_names.txt,benign,1,3,0.52,1.5570977807648045,1.443799807605995,13,0.7363599771569986,0.19487067075843928,25.0,0.4498539983811631,0,0.021701008329679965,0,1,1,0,0,0,1,0,0,0
com.cambiaso.italiawebcam.apk.sys_names.txt,benign,1,3,0.5185185185185185,1.5498608519007617,1.4775294872751128,14,0.7303818365608763,0.18735980480894102,27.0,0.5215222471787693,0,0.011471410019282988,0,1,1,0,0,0,0,0,0,1
com.camel.corp.universalcopy.apk.sys_names.txt,benign,1,4,0.5416666666666666,2.0050183071661327,1.9506857213351447,13,0.5789377380336118,0.2683684028975509,24.0,0.37552451687812477,2,0.012004139358399448,1,0,0,0,0,0,1,1,0,1
com.candl.athena.apk.sys_names.txt,benign,1,3,0.4411764705882353,1.676411888675661,1.4908064262751306,15,0.7521541008399258,0.15039750840095073,34.0,0.5216010224830471,0,0.026555200393410375,0,1,0,0,1,1,0,0,0,0
com.capstone.nik.mixology.apk.sys_names.txt,benign,1,4,0.5833333333333334,1.5713650126849956,1.665949342127559,14,0.6370639686270012,0.24098890942698706,24.0,0.4408814345767977,1,0.04929143561306223,1,1,0,0,0,0,1,1,0,0
com.cardioline.touchECG.apk.sys_names.txt,benign,1,5,0.0,0.0,0.0,0,-1.000089400708482e-06,1.0,1.0,0.0,0,0.0,0,1,1,0,0,0,1,1,0,1
com.cardsapp.android.apk.sys_names.txt,benign,1,4,0.5185185185185185,1.626316774242446,1.3338206943268445,14,0.7673090457786816,0.1801328168234643,27.0,0.55160028365623,0,0.016786570743405275,0,1,1,0,1,1,0,0,0,0
com.careem.acma.apk.sys_names.txt,benign,1,7,0.6,1.0114972975534222,0.9541504336890134,12,0.8513250984872266,0.17320261437908496,20.0,0.3261342594249873,0,0.0392156862745098,1,1,1,0,1,1,1,1,0,0
com.carnaval.carnavalmakeupmask.apk.sys_names.txt,benign,1,6,0.4,0.640583939202207,1.1158731636721424,6,0.7526359998683718,0.1936428450178238,15.0,0.36462220884579244,0,0.010015277542013241,0,1,1,0,1,0,1,1,0,1
com.carpoolworld.www.carpoolworld.apk.sys_names.txt,benign,1,3,0.42105263157894735,1.4712758942051811,1.5645139464643747,8,0.6372218193413967,0.26596532036371323,19.0,0.36375027299925305,2,0.038274476633537745,0,1,0,0,0,0,1,1,0,0
com.cartoonphoto.photoeditor.apk.sys_names.txt,benign,1,5,0.5333333333333333,1.248716084157134,1.095685753184471,8,0.8042627232183707,0.22969187675070027,15.0,0.5105451617313193,0,0.014005602240896359,1,1,1,0,1,0,1,0,0,0
com.catsounds.glisa.apk.sys_names.txt,benign,1,6,0.5416666666666666,1.6839352245713457,1.4187590432196768,13,0.7516648739184103,0.19510321651464235,24.0,0.5348592202944656,0,0.007969275084013442,1,1,1,0,1,0,1,0,0,1
com.cattowersoft.scv.apk.sys_names.txt,benign,1,5,0.5357142857142857,1.3552435998768015,1.3998093688153714,15,0.7425619903237576,0.16748344370860926,28.0,0.5583731296357802,0,0.016821192052980133,1,1,1,0,1,1,0,0,0,0
com.cc.carchabi.apk.sys_names.txt,benign,1,5,0.0,0.0,0.0,0,-1.000089400708482e-06,1.0,1.0,0.0,0,0.0,0,1,1,0,0,0,1,1,0,1
com.cea.eventos.apk.sys_names.txt,benign,1,4,0.5,1.5427665230606213,1.391568619457884,15,0.7618327165344212,0.1571143782706205,30.0,0.4548743273296016,1,0.017817094443060056,0,1,1,0,1,1,0,0,0,0
com.cellartracker.app.apk.sys_names.txt,benign,1,5,0.56,1.4364874244816577,1.3928127936140249,14,0.7469577030594694,0.18523303189903606,25.0,0.4959081740583668,1,0.023849746596442414,1,1,1,0,1,0,1,0,0,0
com.cellularline.easyfit.apk.sys_names.txt,benign,1,5,0.5,1.5413167921851105,1.2654421792842698,15,0.7856562657494962,0.16333576464867494,30.0,0.4129144063639664,0,0.022416727449550207,0,1,1,0,1,1,0,1,0,0
com.cerminara.yazzy.apk.sys_names.txt,benign,1,5,0.4666666666666667,1.2479912158604802,1.2201780910650961,14,0.7889427294736233,0.15600702282417858,30.0,0.39503840034766835,0,0.04640080260847755,0,1,1,0,1,1,0,1,0,0
com.channelforecast.weather.apk.sys_names.txt,benign,1,4,0.5454545454545454,1.8057058011837972,1.347714516913289,12,0.77007244425829,0.2222486898523106,22.0,0.4633933859895618,0,0.021200571700809908,1,0,1,0,1,0,1,0,0,0
com.charmy.cupist.apk.sys_names.txt,benign,1,4,0.4666666666666667,1.5527923851064784,1.267859547959674,14,0.7939925794005159,0.16081284495735074,30.0,0.5195698417094281,0,0.029352734570998493,0,1,1,0,1,1,0,0,0,0
com.chase.patroltoy.apk.sys_names.txt,benign,1,5,0.5172413793103449,1.6415348602020738,1.408929879251005,15,0.7679142791279189,0.1618189266693978,29.0,0.4865254740495013,1,0.0017410897173289635,0,1,1,0,1,1,0,0,0,1
com.chatews.arabic.apk.sys_names.txt,benign,1,5,0.46875,1.5456031279646871,1.4013295581108471,15,0.7554289710120028,0.15731204943357363,32.0,0.38883105306079735,2,0.022142121524201853,0,1,1,0,1,1,0,1,0,0
com.chic.greenlight2.apk.sys_names.txt,benign,1,3,0.52,1.69871293839353,1.6652215612617234,13,0.6558945731336762,0.23666965579085328,25.0,0.4058033786358727,0,0.04221563082016969,0,1,0,0,0,0,1,1,0,0
com.chinadeals.apk.sys_names.txt,benign,1,4,0.5,1.5627985164140903,1.533273693450412,15,0.7121937376009404,0.1700490444782682,30.0,0.3942045802590663,2,0.0026213428039912057,0,1,0,0,0,1,0,1,0,1
com.chmstudio.fnafsisterlocationqxx1.apk.sys_names.txt,benign,1,4,0.5454545454545454,1.922204853582392,1.4880512677080373,12,0.7261551793367818,0.24012200194093997,22.0,0.5139723148925822,0,0.011645639816997089,1,0,1,0,0,0,1,0,0,1
com.choicehotels.android.apk.sys_names.txt,benign,1,4,0.4186046511627907,2.3280786034587786,1.6292753781405545,18,0.7400117556799055,0.1632168094553186,43.0,0.6087676082159346,2,0.010068163341879807,0,0,0,1,1,1,0,0,0,1
com.chollometro.apk.sys_names.txt,benign,1,4,0.5185185185185185,1.1153977014748415,1.1968445072580725,14,0.7907397491722988,0.14742922071773507,27.0,0.5089488792777451,2,0.018558848593883154,0,1,1,0,1,1,0,0,0,0
com.christiansingles.christiandatingfree.apk.sys_names.txt,benign,1,5,0.5172413793103449,1.3511608532871566,1.2401145523833974,15,0.7918115984762673,0.16444444444444445,29.0,0.32721998160957494,0,0.05333333333333334,0,1,1,0,1,1,0,1,0,0
com.chrono24.mobile.apk.sys_names.txt,benign,1,3,0.46153846153846156,2.1671685822374602,1.9397751796971427,18,0.6529555454193285,0.17618290024158859,39.0,0.9897538516114409,2,0.004537151611572683,0,0,0,1,0,1,0,0,0,1
com.chtsht.lovelove.apk.sys_names.txt,benign,1,4,0.42424242424242425,1.7927162637648886,1.4126361407601176,14,0.7599304767067447,0.1617669420649805,33.0,0.32575688729935837,0,0.015206041867301942,0,0,1,0,1,1,0,1,0,0
com.ciberdroix.caricaturecamera.apk.sys_names.txt,benign,1,3,0.5833333333333334,2.69807757698315,2.321167565330197,14,0.5150585476776266,0.35185410704499787,24.0,0.6676783162807461,1,0.0005175668270108993,1,0,0,0,0,0,1,0,0,1
com.ciberdroix.microscope.apk.sys_names.txt,benign,1,7,0.5416666666666666,1.3466785751221988,1.3959282446713532,13,0.7433831240649051,0.16799179276737625,24.0,0.6982654582443204,0,0.0020518081559374197,1,1,1,0,1,1,1,0,0,1
com.cint.opinionapp.apk.sys_names.txt,benign,1,5,0.0,0.0,0.0,0,-1.000089400708482e-06,1.0,1.0,0.0,0,0.0,0,1,1,0,0,0,1,1,0,1
com.cisotta.insignia.apk.sys_names.txt,benign,1,3,0.5555555555555556,1.8527395837239917,1.4449236998258146,15,0.7570191807097169,0.19267458603311735,27.0,0.8018083815341194,1,0.016918646508279338,1,0,1,0,1,0,0,0,0,0
com.citc.aag.apk.sys_names.txt,benign,1,5,0.5,1.4398645265410708,1.0436982524235208,11,0.8439649794902119,0.18699186991869918,22.0,0.3567659560072625,0,0.056910569105691054,0,1,1,0,1,0,1,1,0,0
com.cityindex.whitelabel.tradefair.apk.sys_names.txt,benign,1,7,0.5483870967741935,1.4162085652899072,1.2699328367909821,17,0.7908018610994838,0.1447753659767794,31.0,0.49235408835648903,1,0.010196870267541645,1,1,1,1,1,1,0,0,0,1
com.clanmo.europcar.apk.sys_names.txt,benign,1,3,0.5333333333333333,1.858734709900166,1.4192468767729984,16,0.7587297080862421,0.1872746553552492,30.0,0.555377785454252,1,0.026829268292682926,1,0,1,0,1,0,0,0,0,0
com.clansoft.tacticalpadintlite.apk.sys_names.txt,benign,1,4,0.4230769230769231,2.7696811081947863,1.4420664185659255,11,0.7905264868942501,0.2633333333333333,26.0,0.35101628453032835,3,0.12333333333333334,0,0,1,0,1,0,0,1,1,0
com.clarifai.clarifaiandroidstarter.apk.sys_names.txt,benign,1,4,0.55,1.2005569361413595,1.4259417596022115,11,0.6955413932010273,0.20799011532125206,20.0,0.45796990066427795,1,0.013179571663920923,1,1,1,0,0,0,1,0,0,0
com.clay.androidclient.apk.sys_names.txt,benign,1,6,0.6875,1.1237376753214001,1.0598148818135116,11,0.8065205966654188,0.22319301032565528,16.0,0.3539412870784893,0,0.03653693407466243,1,1,1,0,1,0,1,1,0,0
com.clean.security.memory.booster.battery.apk.sys_names.txt,benign,1,5,0.5,1.3588884898506028,1.2598927676185747,16,0.795906872492689,0.13227829202747088,32.0,0.6429261066544514,2,0.011645267243953419,0,1,1,0,1,1,0,0,0,1
com.cleansoft.carmusic.apk.sys_names.txt,benign,1,5,0.6,1.624346254740428,1.3257789037136536,12,0.7660473186916906,0.21493537577788416,20.0,0.5877709083631258,0,0.022498803255146003,1,1,1,0,1,0,1,0,0,0
com.clearplex.clearplex20.apk.sys_names.txt,benign,1,4,0.48484848484848486,1.3143690495924876,1.2226243058243746,16,0.7964583304468069,0.13074386222059362,33.0,0.4528074609986013,2,0.012532063026749725,0,1,1,0,1,1,0,0,0,0
com.clearvisions.explorer.apk.sys_names.txt,benign,1,4,0.4411764705882353,1.6553314941758914,1.3873853633586437,15,0.7710599273882686,0.1472802331228752,34.0,0.5691060794504338,1,0.022826614861583293,0,1,1,0,1,1,0,0,0,0
com.closecomms.mcdonalds.apk.sys_names.txt,benign,1,3,0.52,1.4989591811337943,1.6912286665532885,13,0.6146463619329171,0.23194280245454033,25.0,0.25778374174591295,2,0.03918257051173788,0,1,0,0,0,0,1,1,0,0
com.cn1926it.CalcioNapoli1926.apk.sys_names.txt,benign,1,3,0.45454545454545453,1.7193990207637893,1.5195292039996893,15,0.7373114213100201,0.1522491349480969,33.0,0.7596908821477012,1,0.009688581314878892,0,0,0,0,1,1,0,0,0,1
com.cnbc.client.apk.sys_names.txt,benign,1,4,0.45454545454545453,1.6441567892104234,1.355088855003563,15,0.7848034340937263,0.15199081163859113,33.0,0.5017918948191729,1,0.018855283307810108,0,1,1,0,1,1,0,0,0,0
com.cobratelematics.svr.apk.sys_names.txt,benign,1,4,0.5416666666666666,1.5795169670279323,1.6149551143008463,13,0.6568028041986097,0.22716340699732268,24.0,0.4441079678270163,2,0.022916004900848573,1,1,0,0,0,0,1,1,0,0
com.codeaeon.smartswitch.apk.sys_names.txt,benign,1,7,0.5384615384615384,1.5768887522950819,1.227123312773424,14,0.8041064175465706,0.16709889349930843,26.0,0.29671989417812245,0,0.004408713692946058,1,1,1,0,1,1,0,1,0,1
com.codelabs.barbieri.apk.sys_names.txt,benign,1,4,0.6,2.1441144659961253,1.281365177294272,15,0.8084547135572168,0.20200170877578422,25.0,0.5386593268197367,1,0.01379226168680581,1,0,1,0,1,0,1,0,0,0
com.codemindedsolutions.wink.meetme.freedating.apk.sys_names.txt,benign,1,3,0.4411764705882353,1.6236946334966649,1.5433364212971057,15,0.7256538311992528,0.15200546946216956,34.0,0.43006311238677886,1,0.024954421148587057,0,1,0,0,0,1,0,1,0,0
com.codenia.garagedoor.apk.sys_names.txt,benign,1,3,0.5384615384615384,1.8027017001928152,1.4779471515944758,14,0.7373812511986263,0.20776274888683524,26.0,0.4865928778797615,1,0.023355456607577922,1,0,1,0,1,0,0,0,0,0
com.codenterprise.LadyCash.IT.apk.sys_names.txt,benign,1,7,0.5217391304347826,1.2090423974974063,1.2264320503148114,12,0.7882753066861087,0.1659862030128115,23.0,0.39463013136980196,0,0.017316626777417993,1,1,1,0,1,1,1,1,0,0
com.codigo.brother.apk.sys_names.txt,benign,1,5,0.5238095238095238,1.2255073994921253,1.4124749359699513,11,0.7066949532348775,0.20515133293245139,21.0,0.40328885481827764,0,0.033273201042293046,1,1,1,0,0,0,1,1,0,0
com.collegemobile.itracks.bbfg.apk.sys_names.txt,benign,1,5,0.5238095238095238,1.082479318173195,1.3792426066941095,11,0.7117006484392033,0.1923825410063942,21.0,0.3974943837119683,0,0.029329997219905476,1,1,1,0,0,0,1,1,0,0
com.colorjoy.Learn.to.draw.glow.flowers.apk.sys_names.txt,benign,1,4,0.45714285714285713,1.604711862230156,1.2422412610616482,16,0.8078264425889474,0.13491045948963978,35.0,0.5520994090257952,0,0.01637784854625915,0,1,1,0,1,1,0,0,0,0
com.company.app49.apk.sys_names.txt,benign,1,6,0.5357142857142857,1.170814845652558,1.4027791466664867,15,0.7312216265955016,0.15097256215380653,28.0,0.42454513131838323,1,0.0021254669586500065,1,1,1,0,0,1,0,1,0,1
com.company.jaivra.watchanime.apk.sys_names.txt,benign,1,5,0.5357142857142857,1.773689916360178,1.4473229486681054,15,0.7472936095791707,0.1887152115897827,28.0,0.5139337528390402,3,0.010293556995806329,1,0,1,0,1,0,0,0,1,1
com.compass.cntt.ngo.apk.sys_names.txt,benign,1,4,0.56,1.6783494096151725,1.6476541141172736,14,0.6582555296482673,0.2351833165153044,25.0,0.4495613630925342,3,0.040968718466195764,1,1,0,0,0,0,1,0,1,0
com.compisol.myreminder.apk.sys_names.txt,benign,1,5,0.4838709677419355,1.1707538159284367,1.2670438277419522,15,0.7811152984217087,0.13683891498711925,31.0,0.4357669697229435,0,0.01689649946961661,0,1,1,0,1,1,0,1,0,0
com.compscieddy.writeaday.apk.sys_names.txt,benign,1,5,0.4166666666666667,1.2720351939731696,1.1810032703186089,15,0.8141721932757673,0.12012937009086709,36.0,0.4894854569307242,0,0.0067765285692284,0,1,1,0,1,1,0,0,0,1
com.computer.desktop.ui.launcher.apk.sys_names.txt,benign,1,3,0.46153846153846156,2.114774379677843,1.5379125055511988,18,0.7609179345047242,0.16276762833760436,39.0,0.5744923114755568,0,0.023724890468711252,0,0,0,1,1,1,0,0,0,0
com.comuto.apk.sys_names.txt,benign,1,3,0.46875,2.047618553550389,1.4472025515204636,15,0.7712640733442706,0.1787543812348342,32.0,0.5433130354620778,1,0.015098409274737126,0,0,1,0,1,1,0,0,0,0
com.connectiq.r485.mapsr485companion.apk.sys_names.txt,benign,1,3,0.4358974358974359,2.154865423521136,1.5881875095229874,17,0.7387013879323975,0.17767926675852153,39.0,1.034637380077824,1,0.053315761097466004,0,0,0,1,1,1,0,0,0,0
com.contextlogic.cute.apk.sys_names.txt,benign,1,4,0.4411764705882353,1.7231391627340695,1.5497984847422948,15,0.7253719022266115,0.14982578397212543,34.0,0.4184653418034772,3,0.0014932802389248383,0,0,0,0,0,1,0,1,1,1
com.contextlogic.geek.apk.sys_names.txt,benign,1,6,0.4642857142857143,1.5696300814532314,1.4598219052762422,13,0.7393428367800975,0.16912244547484115,28.0,0.4348254832820651,0,0.004052893697406835,0,1,1,0,1,1,0,1,0,1
com.contextlogic.home.apk.sys_names.txt,benign,1,4,0.45714285714285713,1.8515396112021931,1.7513084805476449,16,0.678888969663346,0.1628950254211943,35.0,0.4181036227478962,3,0.00039876383212042666,0,0,0,0,0,1,0,1,1,1
com.cookware.eggrecipes.apk.sys_names.txt,benign,1,4,0.36585365853658536,1.5376555221850794,1.3015849394284473,15,0.796556242540335,0.12420746284170045,41.0,0.7964088721782975,0,0.01683816651075772,0,1,1,0,1,1,0,0,0,0
com.cookware.lunchrecipes.apk.sys_names.txt,benign,1,4,0.38095238095238093,1.2595365194925554,1.23046724677655,16,0.8050460945931078,0.11508820003425244,42.0,0.6735067799134257,1,0.027573214591539646,0,1,1,0,1,1,0,0,0,0
com.cookware.pastarecipes.apk.sys_names.txt,benign,1,3,0.38461538461538464,1.8720821059807848,1.4233719020256523,15,0.7771249969801203,0.14934264585045193,39.0,0.6034343214606213,1,0.02259654889071487,0,0,1,0,1,1,0,0,0,0
com.cookware.seafoodrecipes.apk.sys_names.txt,benign,1,4,0.41025641025641024,1.682969061451449,1.395958401299228,16,0.7803938662037626,0.13192283758556317,39.0,0.6098172608854392,2,0.016801493466085875,0,1,1,0,1,1,0,0,0,0
com.cookware.weightlossrecipes.apk.sys_names.txt,benign,1,5,0.36585365853658536,1.4337122099546302,1.2872046535734283,15,0.7978260506192836,0.115156558826589,41.0,0.5868571134555206,1,0.010922708831790284,0,1,1,0,1,1,0,0,0,1
com.copyninja.detoxsmoothies.apk.sys_names.txt,benign,1,4,0.42857142857142855,1.439404206186421,1.2529629828174997,15,0.8031074172853135,0.12946326781887,35.0,0.9226224960226017,1,0.01586939668931552,0,1,1,0,1,1,0,0,0,0
com.corankarim.ecrit.apk.sys_names.txt,benign,1,3,0.45454545454545453,2.1255497439121163,1.481956875906591,15,0.7665059462083045,0.17799300073248148,33.0,0.641839988820595,0,0.014812403353137462,0,0,1,0,1,1,0,0,0,0
com.coty.cotyforyou.apk.sys_names.txt,benign,1,4,0.5217391304347826,1.2807962234799433,1.5245608179586996,12,0.674487260544881,0.20230625050933093,23.0,0.38582514993643224,1,0.033167630999918506,1,1,0,0,0,0,1,1,0,0
com.creation.smileys.apk.sys_names.txt,benign,1,3,0.5,1.730019206011522,1.3400501110048204,15,0.7830370029043804,0.16248931928225577,30.0,0.5716467229080769,1,0.01708914839077186,0,0,1,0,1,1,0,0,0,0
com.crittermap.backcountrynavigator.apk.sys_names.txt,benign,1,4,0.46875,1.341702054011391,1.29818537419023,15,0.7722240613278885,0.15731038789813337,32.0,0.48725707202876917,0,0.04427173686767053,0,1,1,0,1,1,0,0,0,0
com.cronache.della.campania2.apk.sys_names.txt,benign,1,6,0.6086956521739131,1.2317981018993063,1.2754777862524882,14,0.7668538418658237,0.1792291627112208,23.0,0.46312576975331293,1,0.027340041769508258,1,1,1,0,1,1,1,0,0,0
com.crossfit.games.android.apk.sys_names.txt,benign,1,3,0.5,1.5764139561756643,1.3194432963355789,13,0.7757308936857874,0.19,26.0,0.5149112113594324,1,0.02857142857142857,0,1,1,0,1,0,0,0,0,0
com.crustsoftware.deki.poselite.apk.sys_names.txt,benign,1,4,0.43243243243243246,1.677092233192322,1.3215211518675827,16,0.7880004492353625,0.15351903040612375,37.0,1.0221857769872413,1,0.054008079948968744,0,1,1,0,1,1,0,0,0,0
com.cs.crazyeffect.apk.sys_names.txt,benign,1,3,0.5652173913043478,2.1239135831901295,1.8239495295094643,13,0.6131074410778479,0.2852726696258719,23.0,0.4323319560772592,2,0.023779327837666456,1,0,0,0,0,0,1,1,0,0
com.csj.baby.apk.sys_names.txt,benign,1,3,0.45161290322580644,1.942308365359395,1.3272938558716791,14,0.8024866348954339,0.16712727272727274,31.0,0.5389506268063045,0,0.017745454545454547,0,0,1,0,1,1,0,0,0,0
com.cupidmedia.wrapper.brazilcupid.apk.sys_names.txt,benign,1,3,0.5151515151515151,2.082465533230495,2.079539490790043,17,0.5798371869955115,0.21485557083906465,33.0,0.4169185710361564,2,0.00859697386519945,0,0,0,1,0,0,0,1,0,1
com.cupidmedia.wrapper.malaysiancupid.apk.sys_names.txt,benign,1,3,0.475,2.316382324413326,2.186076091414225,19,0.5883105634717066,0.21148472009375283,40.0,0.4235404491403596,4,0.03191201658703687,0,0,0,1,0,0,0,1,1,0
com.currencyconverter.eurhuf.apk.sys_names.txt,benign,1,3,0.5555555555555556,1.9570139155718203,1.448270382686813,15,0.7556845415498954,0.20788403747569384,27.0,0.45167289589839815,2,0.028460314654410464,1,0,1,0,1,0,0,0,0,0
com.currencyconverter.eurotopound.apk.sys_names.txt,benign,1,3,0.5416666666666666,1.9937231849973482,1.7103830095364667,13,0.6537352371570128,0.26058631921824105,24.0,0.43669762513564725,1,0.02992197560790849,1,0,0,0,0,0,1,1,0,0
com.currencyconverter.liraeuro.apk.sys_names.txt,benign,1,6,0.5769230769230769,1.4975978631158497,1.2793690657036343,15,0.7859023960225475,0.17737094837935174,26.0,0.4313264559810506,2,0.025210084033613446,1,1,1,0,1,1,0,1,0,0
com.custom.customprint.apk.sys_names.txt,benign,1,5,0.5769230769230769,1.3913024178916444,1.3837830525208903,15,0.7425471254049032,0.1760215954575072,26.0,0.5053115273980331,2,0.016010425393279345,1,1,1,0,1,1,0,0,0,0
com.cyou.cma.clauncher.theme.v5924186138310e12a5de4205.apk.sys_names.txt,benign,1,5,0.3333333333333333,0.7071067811865479,0.3535533905932738,1,0.946394343206085,0.5,3.0,0.0,1,0.25,0,1,1,0,1,0,1,1,0,0
com.cyxh.alarmc21.apk.sys_names.txt,benign,1,3,0.5357142857142857,1.6667449143581645,1.6193552033411507,15,0.6846163288954427,0.20080065508143027,28.0,0.42770964210817913,0,0.016104085160585934,1,1,0,0,0,0,0,1,0,0
com.daev.quimicapp.apk.sys_names.txt,benign,1,4,0.4827586206896552,1.704803721305389,1.2406897753757282,14,0.8070944109103513,0.16438253012048193,29.0,0.47494535258904824,0,0.010617469879518072,0,0,1,0,1,1,0,0,0,1
com.dafftin.android.moon_phase.apk.sys_names.txt,benign,1,5,0.5517241379310345,1.2503532484713895,1.1819509777424693,16,0.8016218282336741,0.147984267453294,29.0,0.47868837833718964,1,0.02728613569321534,1,1,1,0,1,1,0,0,0,0
com.daifukoo.recettesthermomix.apk.sys_names.txt,benign,1,3,0.38461538461538464,2.142238864574513,1.4353873141388254,15,0.7723787206650483,0.17239803495944248,39.0,1.0622495598689612,0,0.06386381811950188,0,0,1,0,1,1,0,0,0,0
com.dailyforecast.weather.apk.sys_names.txt,benign,1,4,0.4473684210526316,2.1992073725894787,1.4895707000698288,17,0.7686479668377629,0.17118446124531317,38.0,1.0350886266810693,1,0.0408752842829922,0,0,1,1,1,1,0,0,0,0
com.dataproject.essentialscout.apk.sys_names.txt,benign,1,4,0.4634146341463415,1.7314877523515062,1.5731041441497773,19,0.7342057920236239,0.1387875101378751,41.0,0.7298105391468762,3,0.010847526358475263,0,0,0,1,0,1,0,0,1,1
com.dateme.android.apk.sys_names.txt,benign,1,5,0.5769230769230769,1.3005638614530208,1.351253113876357,15,0.7518258478256243,0.16126956894702982,26.0,0.4845661291704739,2,0.024876688826935448,1,1,1,0,1,1,0,0,0,0
com.dating.justshe.apk.sys_names.txt,benign,1,4,0.5,1.4468625219107814,1.5572477813709615,11,0.6439514674751986,0.22908859743040685,22.0,0.26716760787891763,1,0.009000267665952891,0,1,0,0,0,0,1,1,0,1
com.davcole.currencyconverter.apk.sys_names.txt,benign,1,4,0.5172413793103449,1.5451191271291573,1.4943691430508257,15,0.731898376543252,0.16866877630649174,29.0,0.42200751893490973,0,0.0016590371439982796,0,1,0,0,0,1,0,1,0,1
com.davidebianciotto.calcolatoregeometricofreeita.apk.sys_names.txt,benign,1,5,0.5416666666666666,1.5157039770267782,1.4100953435977313,13,0.7389632360775866,0.2046908315565032,24.0,0.46097366045200444,0,0.030162774975297728,1,1,1,0,1,0,1,0,0,0
com.davidegessa.ctm.orari.apk.sys_names.txt,benign,1,4,0.47058823529411764,1.5067875191298592,1.7042500476232527,16,0.6669310286961754,0.15011258443832876,34.0,0.4378980219770834,1,0.004503377533149862,0,1,0,0,0,1,0,1,0,1
com.days30.absworkout.apk.sys_names.txt,benign,1,5,0.4838709677419355,1.4592001591347965,1.2131905626789052,15,0.8136477864153268,0.13880946191837795,31.0,0.48866123348993656,1,0.009877826878086821,0,1,1,0,1,1,0,0,0,1
com.days30.bicepsworkout.apk.sys_names.txt,benign,1,4,0.48484848484848486,1.5127825877083065,1.2808699124738607,16,0.7972290551155993,0.14221556886227546,33.0,0.5167306641861652,2,0.019888793840889648,0,1,1,0,1,1,0,0,0,0
com.days30.fiveminplank.apk.sys_names.txt,benign,1,6,0.5357142857142857,1.264482101051148,1.095324322349815,15,0.8333250618294691,0.1474414570685169,28.0,0.37674580250805073,1,0.029488291413703384,1,1,1,0,1,1,0,1,0,0
com.days30.legsworkout.apk.sys_names.txt,benign,1,3,0.42424242424242425,1.8433189999451336,1.401620898790534,14,0.7801959892030558,0.15834996673320026,33.0,0.5847987451447201,0,0.013972055888223553,0,0,1,0,1,1,0,0,0,0
com.deependhulla.clouddrive.apk.sys_names.txt,benign,1,5,0.5909090909090909,1.2927627963359034,1.3750005596745614,13,0.7331750175462535,0.2014080346593147,22.0,0.4342879829799545,1,0.030917684127609295,1,1,1,0,0,0,1,1,0,0
com.defianttech.diskdigger.apk.sys_names.txt,benign,1,6,0.5416666666666666,1.1490336397142715,1.2340314088720157,13,0.7790574404447581,0.1651633349585568,24.0,0.4917580503349514,1,0.027181862506094587,1,1,1,0,1,1,1,0,0,0
com.degoo.android.apk.sys_names.txt,benign,1,3,0.4838709677419355,1.674102940823793,1.7050451108365914,15,0.6730127675183256,0.18135052034058657,31.0,0.33788722821686434,1,0.007332071901608325,0,1,0,0,0,0,0,1,0,1
com.delitestudio.filetransferfree.apk.sys_names.txt,benign,1,3,0.48717948717948717,2.468339916484306,1.9761037862696567,19,0.6621669073639729,0.19432372505543238,39.0,0.4328488503450243,2,0.005853658536585366,0,0,0,1,0,0,0,1,0,1
com.dencreak.esmemo.apk.sys_names.txt,benign,1,3,0.5185185185185185,1.6466485419678907,1.4739812332146682,14,0.7401114012896487,0.18858307849133538,27.0,0.46365090168769385,1,0.024337410805300712,0,1,1,0,1,0,0,0,0,0
com.desaxedstudios.bassbooster.apk.sys_names.txt,benign,1,7,0.5652173913043478,1.1531985714583306,1.0099392304613384,13,0.8349432440394222,0.17744154057771663,23.0,0.33513668089391485,1,0.08069692801467217,1,1,1,0,1,1,1,1,0,0
com.desidoo.app.apk.sys_names.txt,benign,1,3,0.45454545454545453,1.4906918916785705,1.6076297608769976,10,0.6430857232170978,0.23741554054054054,22.0,0.3724566287980442,1,0.0457347972972973,0,1,0,0,0,0,1,1,0,0
com.despdev.quitzilla.apk.sys_names.txt,benign,1,4,0.5172413793103449,1.1205377953367948,1.1043983933829753,15,0.8237954624980485,0.14271220831924247,29.0,0.4572494539872472,2,0.04633074061548867,0,1,1,0,1,1,0,0,0,0
com.deutoklopbsamdatandr.app.apk.sys_names.txt,benign,1,3,0.46875,2.1887979103626587,2.0731631416147045,15,0.5793855811235598,0.23266235151860018,32.0,0.3694192221088413,3,0.0019916067999146453,0,0,0,0,0,0,0,1,1,1
com.dev.schubert_best_10.apk.sys_names.txt,benign,1,3,0.5185185185185185,1.7277347325590822,1.4169696729764873,14,0.7582438881413761,0.17967458452971374,27.0,0.5238764475486207,1,0.014617593317671627,0,0,1,0,1,1,0,0,0,0
com.devdnua.equalizer.free.apk.sys_names.txt,benign,1,3,0.5,1.7068360385034091,1.3361467031420617,15,0.7944084116676043,0.1574307304785894,30.0,0.5290926777213829,0,0.013329135180520571,0,0,1,0,1,1,0,0,0,0
com.devexpress.chartsgallery.apk.sys_names.txt,benign,1,6,0.5517241379310345,1.233614852248747,1.2883561504574914,16,0.7724380428353717,0.1450074025333114,29.0,1.0034944708773352,3,0.015545319953939792,1,1,1,0,1,1,0,0,1,0
com.devextreme.Agesci.App.Mobile.apk.sys_names.txt,benign,1,4,0.4,0.8803329932640352,1.2295801794137822,6,0.715435904644379,0.23514292045202748,15.0,0.38042333477577756,0,0.03904276534456016,0,1,1,0,0,0,1,1,0,0
com.devnied.currency.free.apk.sys_names.txt,benign,1,3,0.5454545454545454,2.352198800966099,1.9346106828567649,12,0.5884024608404697,0.3212230807167516,22.0,0.4632268939827034,3,0.028111129376952163,1,0,0,0,0,0,1,0,1,0
com.devpro.mesenger.lite.free.apk.sys_names.txt,benign,1,4,0.4722222222222222,1.9707708867799913,1.9402551322021497,17,0.6293099719767541,0.17881922543206763,36.0,0.9650680608629766,3,0.005866027500946134,0,0,0,1,0,1,0,0,1,1
com.devsoldiers.bodytracker.step.apk.sys_names.txt,benign,1,5,0.4444444444444444,1.586435049458894,0.7883703303510209,4,0.8799596704523541,0.3333333333333333,9.0,0.05307070508859644,1,0.19444444444444445,0,1,1,0,1,0,1,1,0,0
com.devsoldiers.calendar.pills.limit.apk.sys_names.txt,benign,1,5,0.5,0.9727611197240422,1.2331339311423644,15,0.7832949048226109,0.13805522208883553,30.0,0.50022102567517,4,0.026410564225690276,0,1,1,0,1,1,0,0,1,0
com.dhqsolutions.enjoyphoto.apk.sys_names.txt,benign,1,6,0.5714285714285714,1.632626006549165,1.6475409576179094,16,0.67743466782226,0.17785257951500996,28.0,0.43084369888761875,4,0.004053032905131552,1,1,0,0,0,1,0,1,1,1
com.diario.giovanni.diario.apk.sys_names.txt,benign,1,6,0.5,0.8813402700280242,1.0620450475513667,15,0.8309434755349157,0.11209634985286379,30.0,0.3773574460365397,0,0.009178960497339855,0,1,1,0,1,1,0,1,0,1
com.diarywithlockpassword.apk.sys_names.txt,benign,1,3,0.48484848484848486,2.03853692319313,1.3906943061719081,16,0.7880707348586583,0.1716504854368932,33.0,0.4759772561264348,2,0.020194174757281552,0,0,1,0,1,1,0,0,0,0
com.dic_o.dico_eng_ita.apk.sys_names.txt,benign,1,6,0.5517241379310345,1.367884800157557,1.3364541725019563,16,0.7562994645744917,0.1499937942162095,29.0,0.4669891043217768,1,0.008874270820404618,1,1,1,0,1,1,0,0,0,1
com.diegoapps.teamomiamor.apk.sys_names.txt,benign,1,3,0.5,1.4984172930672486,1.3626421026868119,14,0.7557746177682646,0.18204325130499627,28.0,0.5024154538560015,1,0.05354213273676361,0,1,1,0,1,0,0,0,0,0
com.dietcoacher.sos.apk.sys_names.txt,benign,1,4,0.4411764705882353,2.007128625558636,1.3303565401172548,15,0.7966104959787805,0.1720383063536046,34.0,0.38364820831198027,0,0.040493899178455105,0,0,1,0,1,1,0,1,0,0
com.digcy.pilot.apk.sys_names.txt,benign,1,3,0.5217391304347826,1.7829203902172825,1.4547324552196255,12,0.7282336405118911,0.22670345998726385,23.0,0.5407787252678532,1,0.02334960730205901,1,0,1,0,0,0,1,0,0,0
com.digibites.calendar.apk.sys_names.txt,benign,1,4,0.45454545454545453,1.1249869947054572,1.212883992535536,15,0.7950147034452137,0.12181803581466313,33.0,0.5409965566668072,2,0.012527101903155867,0,1,1,0,1,1,0,0,0,0
com.digit64.vehicle.rto.apk.sys_names.txt,benign,1,4,0.5238095238095238,1.4643869852898364,1.5493402205860711,11,0.6548410315070743,0.24929015084294587,21.0,0.3505717298480798,2,0.05634427684117125,1,1,0,0,0,0,1,1,0,0
com.digitalchemy.calculator.freedecimal.apk.sys_names.txt,benign,1,3,0.4666666666666667,1.8397097045156419,1.4082938289985483,14,0.7750077050878409,0.17894287369994205,30.0,0.47820538565001125,0,0.02391191630829292,0,0,1,0,1,1,0,0,0,0
com.diloya.italianenglish.apk.sys_names.txt,benign,1,3,0.5263157894736842,2.0833457834138907,1.9055699015423135,10,0.5590429377731325,0.3328734296710478,19.0,0.35187348428980386,2,0.014595889913586523,1,0,0,0,0,0,1,1,0,0
com.dimaskanjeng.adventure.pjmasks.apk.sys_names.txt,benign,1,4,0.5172413793103449,1.6069063955418117,1.1616936352039333,15,0.8258371122747793,0.16930108550752238,29.0,0.6052656064857717,1,0.06551133117501429,0,1,1,0,1,1,0,0,0,0
com.dinixe.instabigprofilephoto.apk.sys_names.txt,benign,1,3,0.5384615384615384,1.487653651961169,1.4627707055617336,14,0.7246742604998487,0.19670516118439058,26.0,0.4677746119060316,1,0.0388046631273603,1,1,1,0,0,0,0,0,0,0
com.directferries.ferryapp.apk.sys_names.txt,benign,1,6,0.5882352941176471,1.5816036108667417,1.2851558678221424,10,0.7646010567970047,0.245697896749522,17.0,0.38977664116123284,0,0.0124282982791587,1,1,1,0,1,0,1,1,0,0
com.dirtyjokes2.uruapps.apk.sys_names.txt,benign,1,3,0.5151515151515151,1.6934354796371325,1.5507144231954706,17,0.7222939684692282,0.1625906157890544,33.0,0.5981929149975868,1,0.01991555803393611,0,1,0,1,0,1,0,0,0,0
com.discipleskies.gpsreset.apk.sys_names.txt,benign,1,5,0.42857142857142855,1.5293791172793607,1.379750684484321,15,0.763144195639852,0.13788300835654596,35.0,0.7716487683639532,1,0.0002785515320334262,0,1,1,0,1,1,0,0,0,1
com.distesala.android_concorsi_gazzetta.apk.sys_names.txt,benign,1,6,0.5357142857142857,1.5970918648962176,1.270766845558515,15,0.7902222981354909,0.16342115311187477,28.0,0.6196908703786449,1,0.002672775868652157,1,1,1,0,1,1,0,0,0,1
com.diymaker.emoji.free.apk.sys_names.txt,benign,1,3,0.5652173913043478,2.355904318266714,2.067703580437076,13,0.5573097909231314,0.32078672866658287,23.0,0.3664971391010349,2,0.0153952494658791,1,0,0,0,0,0,1,1,0,0
com.dj.botaodememes.apk.sys_names.txt,benign,1,3,0.5454545454545454,1.9447251680850528,1.9138853435679122,12,0.5788585121908264,0.2756544336692654,22.0,0.4137972084697781,1,0.020726373835329912,1,0,0,0,0,0,1,1,0,0
com.dlink.mydlinkmyhome.apk.sys_names.txt,benign,1,4,0.4782608695652174,1.3683326032238186,1.3849955587214944,11,0.740049094261549,0.19528112449799198,23.0,0.4663029380313381,0,0.02196285140562249,0,1,1,0,1,0,1,0,0,0
com.dlsolutions.meteoallergie.apk.sys_names.txt,benign,1,7,0.5416666666666666,1.1176392853332615,1.3220855913708087,13,0.7384946288743219,0.1619425889149666,24.0,0.4543165359086315,1,0.00018053800324968405,1,1,1,0,1,1,1,0,0,1
com.do_apps.catalog_116.apk.sys_names.txt,benign,1,3,0.5454545454545454,2.2340445728836946,1.7771536328107849,12,0.6439620891723425,0.2878626710193302,22.0,0.47374692361464654,0,0.011664160217144115,1,0,0,0,0,0,1,0,0,1
com.docxreader.sapplabs.docxreader.apk.sys_names.txt,benign,1,5,0.46153846153846156,2.742498311355567,1.002265008564247,6,0.8711958294079365,0.3333333333333333,13.0,0.0,3,0.23809523809523808,0,0,1,0,1,0,1,1,1,0
com.dotourirt.botoxe.apk.sys_names.txt,benign,1,7,0.5909090909090909,1.1311246744137258,0.9224292083273367,13,0.8711835320038752,0.15546218487394958,22.0,0.37950176720039075,1,0.02100840336134454,1,1,1,0,1,1,1,1,0,0
com.doveconviene.cardplus.apk.sys_names.txt,benign,1,5,0.5,1.6361914057484397,1.1512577419889238,16,0.8340037086438976,0.13831024637834408,32.0,0.5937757414035283,1,0.01194882097916887,0,1,1,0,1,1,0,0,0,1
com.downloader.tubedownload.apk.sys_names.txt,benign,1,3,0.52,1.581149304651382,1.605212162665099,13,0.6626187754988769,0.2324053259553865,25.0,0.34079263371686175,1,0.07288604530520491,0,1,0,0,0,0,1,1,0,0
com.dp.tpiu.apk.sys_names.txt,benign,1,3,0.4411764705882353,2.246423122477203,1.6092860558329156,15,0.7381974910597923,0.17816733067729085,34.0,0.5604679497719124,1,0.001195219123505976,0,0,0,0,1,1,0,0,0,1
com.dps.chronus.tapas.apk.sys_names.txt,benign,1,4,0.5652173913043478,1.7892698952220603,1.3336142400979274,13,0.772774373045365,0.21899059024807527,23.0,0.47637828729733034,1,0.036213287710293696,1,0,1,0,1,0,1,0,0,0
com.dragonfly.carreport2.apk.sys_names.txt,benign,1,4,0.5833333333333334,1.6284500672944093,1.654413958701681,14,0.6588730163863753,0.23600680885150696,24.0,0.40340830479111683,1,0.04605987784119355,1,1,0,0,0,0,1,1,0,0
com.draw.famous.apk.sys_names.txt,benign,1,3,0.4594594594594595,1.9689504207479407,1.8089268722945095,17,0.6757111806942306,0.17190581854043394,37.0,0.8951463787557582,2,0.009861932938856016,0,0,0,1,0,1,0,0,0,1
com.draw.food.apk.sys_names.txt,benign,1,3,0.47058823529411764,1.9672180972231599,1.487182322532712,16,0.7543655826464075,0.17741435436366454,34.0,1.0741417442906172,1,0.03557587970857232,0,0,1,0,1,1,0,0,0,0
com.dreamerzone.teddydaylovestickers.apk.sys_names.txt,benign,1,6,0.5416666666666666,0.7114187741445762,0.9767123981754223,13,0.8384009181894371,0.13160077412220073,24.0,0.4869218464563292,0,0.017970693945258503,1,1,1,0,1,1,1,0,0,0
com.dreamstudio.lullabies.apk.sys_names.txt,benign,1,3,0.40476190476190477,1.8800750812853912,1.8058323888302057,17,0.6786267746259049,0.1420659097202991,42.0,0.9372691761895728,2,0.0008307947936859596,0,0,0,1,0,1,0,0,0,1
com.droid.caller.id.phone.number.location.apk.sys_names.txt,benign,1,5,0.4838709677419355,1.4869323133664225,1.1968907020210806,15,0.807373836931912,0.15224697147323174,31.0,0.4081738162573052,1,0.021649081672528332,0,1,1,0,1,1,0,1,0,0
com.droid27.sensev2flipclockweather.apk.sys_names.txt,benign,1,3,0.48,1.6480675200914274,1.6531616431521907,12,0.6632939258843529,0.2250823366267984,25.0,0.4192065967968235,0,0.023660946437857513,0,1,0,0,0,0,1,1,0,0
com.droid27.weather.icons.boju.a01.apk.sys_names.txt,benign,1,4,0.625,1.5220985656393866,1.5655309730446731,15,0.6828254779677041,0.20870020964360586,24.0,0.4162143084187007,2,0.01981132075471698,1,1,0,0,0,0,1,1,0,0
com.droidinfinity.healthplus.apk.sys_names.txt,benign,1,7,0.56,1.1225078333348342,1.3099467739548667,14,0.739411172222781,0.17104055790053221,25.0,0.4223489216563856,2,0.02782161864562305,1,1,1,0,1,1,1,1,0,0
com.droidstudioinc.datasmartswitch.apk.sys_names.txt,benign,1,5,0.5238095238095238,1.5206126851702066,1.2500126581637565,11,0.7846026221659128,0.20759493670886076,21.0,0.800674958541304,1,0.02278481012658228,1,1,1,0,1,0,1,0,0,0
com.droidtv.it.apk.sys_names.txt,benign,1,3,0.56,1.9461603156857648,1.8027185753272337,14,0.637307370255005,0.24517028480382394,25.0,0.44048018417542856,1,0.0166301533559052,1,0,0,0,0,0,1,1,0,0
com.duapps.gif.emoji.gifmaker.apk.sys_names.txt,benign,1,3,0.5217391304347826,2.1914475555252055,1.9213094631939445,12,0.6002893571418184,0.2952057067020571,23.0,0.40983116377666584,0,0.018745852687458528,1,0,0,0,0,0,1,1,0,0
com.duckma.supernovabrescia.apk.sys_names.txt,benign,1,4,0.56,2.4166446975255726,1.797588237316758,14,0.6677040506718205,0.2687122268712227,25.0,0.6114144905495514,3,0.006508600650860065,1,0,0,0,0,0,1,0,1,1
com.dueltv.imawt.android.tsd.apk.sys_names.txt,benign,1,4,0.425,2.1077279072933703,1.5087197564247057,17,0.7523527129977834,0.16654264027385027,40.0,0.9088518216332984,3,0.029691918440244085,0,0,0,1,1,1,0,0,1,0
com.dungelin.barometerplus.apk.sys_names.txt,benign,1,5,0.42857142857142855,1.6811854028669366,1.4284377125384131,15,0.7619383913618354,0.1400929446556823,35.0,0.4716348697797083,1,0.0010984368398817069,0,1,1,0,1,1,0,0,0,1
com.dungelin.compass.apk.sys_names.txt,benign,1,5,0.47058823529411764,1.4503504667375497,1.4576203437206343,16,0.7393519447058633,0.13997836853190643,34.0,0.594285240103252,2,0.006717140092218364,0,1,1,0,1,1,0,0,0,1
com.dynamixsoftware.printhand.apk.sys_names.txt,benign,1,4,0.3902439024390244,1.2321797170216602,1.1357065410268052,16,0.8246387851998036,0.11417290449946532,41.0,0.4982685634793983,1,0.030270625976803488,0,1,1,0,1,1,0,0,0,0
com.earthcam.webcams.apk.sys_names.txt,benign,1,4,0.5,1.390894938679634,1.3072778414505624,13,0.7686642668955883,0.1711864406779661,26.0,0.5746523849902411,1,0.026177024482109228,0,1,1,0,1,1,0,0,0,0
com.easytouch.assistivetouch.apk.sys_names.txt,benign,1,3,0.40540540540540543,1.9967470791366002,1.5494928504765682,15,0.7499791237640557,0.1738527871881737,37.0,0.4377078999619501,1,0.0435786880197105,0,0,0,0,1,1,0,1,0,0
com.eatme.eatgether.apk.sys_names.txt,benign,1,3,0.42857142857142855,2.1693046700919805,1.9081732772306097,9,0.574491943115636,0.31548094857447373,21.0,0.4154163604102927,3,0.016786570743405275,0,0,0,0,0,0,1,1,1,0
com.ebay.kleinanzeigen.apk.sys_names.txt,benign,1,4,0.4375,1.6125624241865257,1.7679254048101085,14,0.6569848989180419,0.16706698692287164,32.0,0.33383621506231304,0,0.009378931716802014,0,1,0,0,0,1,0,1,0,1
com.ebigle.borntoflynetwork.apk.sys_names.txt,benign,1,3,0.6,1.6798330552587701,1.6399217497821463,15,0.6757782559341978,0.21017020089285715,25.0,0.7296035866687687,2,0.014997209821428572,1,1,0,0,0,0,1,0,0,0
com.eboox.tannico.apk.sys_names.txt,benign,1,4,0.3333333333333333,1.22826559707953,1.328996713620726,4,0.6656048770366263,0.31398559423769506,12.0,0.24961529629604645,0,0.01404561824729892,0,1,1,0,0,0,1,1,0,0
com.eclipsim.gpsstatus2.apk.sys_names.txt,benign,1,6,0.5357142857142857,1.133770395312787,1.1407163123759139,15,0.8114334016232698,0.14906557558332412,28.0,0.4425639067404853,1,0.03826163883666925,1,1,1,0,1,1,0,1,0,0
com.eco.note.apk.sys_names.txt,benign,1,4,0.5652173913043478,1.8473959387760839,1.3496493135631518,13,0.7613363680034916,0.22151309666267782,23.0,0.5200060378573348,0,0.028320702034303948,1,0,1,0,1,0,1,0,0,0
com.edercmf.satoshibutton.apk.sys_names.txt,benign,1,6,0.4117647058823529,1.3725226147484129,1.364781872420639,14,0.7622959195647879,0.13767643865363735,34.0,0.4315677497566434,0,0.004777415852334419,0,1,1,0,1,1,0,1,0,1
com.edpuzzle.app.apk.sys_names.txt,benign,1,7,0.52,1.2625008267747928,1.308946834331972,13,0.7700189816739303,0.15269302202175644,25.0,0.42109267069517664,1,0.011010878217033697,0,1,1,0,1,1,1,1,0,1
com.eduven.ld.lang.italian.apk.sys_names.txt,benign,1,3,0.4,2.0985603290873094,1.4923495774496367,16,0.7659237801944108,0.15078534031413612,40.0,0.6087251749345224,1,0.009162303664921465,0,0,0,0,1,1,0,0,0,1
com.egearm.chiffondresses.apk.sys_names.txt,benign,1,6,0.5555555555555556,1.2451924312303866,1.2891090466708603,15,0.7700338413565899,0.14792439803227755,27.0,0.4871950136594998,2,0.0030637783723138,1,1,1,0,1,1,0,0,0,1
com.eidoo.kappamobile.apk.sys_names.txt,benign,1,5,0.0,0.0,0.0,0,-1.000089400708482e-06,1.0,1.0,0.0,0,0.0,0,1,1,0,0,0,1,1,0,1
com.electricfrenchfries.htct.free.apk.sys_names.txt,benign,1,5,0.5,1.216804115355218,1.2669223815744404,11,0.7673541311948855,0.18725617685305593,22.0,0.48293360294190457,3,0.0247074122236671,0,1,1,0,1,0,1,0,1,0
com.electronicmoazen.apk.sys_names.txt,benign,1,8,0.56,1.3838000739286636,1.2747774235268505,14,0.7819328103884781,0.16666666666666666,25.0,0.4310423529449382,1,0.008407919717927854,1,1,1,0,1,1,1,1,0,1
com.electronics.blured.apk.sys_names.txt,benign,1,3,0.45714285714285713,1.5878441723587662,1.504778794660867,16,0.7354295083393994,0.1415718444032813,35.0,0.749144190502179,2,0.0018523418893887271,0,1,0,0,0,1,0,0,0,1
com.electronics.phonecasemaker.apk.sys_names.txt,benign,1,3,0.5555555555555556,1.7482529297618354,1.4469833486178958,15,0.7443388301920996,0.2008557054868588,27.0,0.5687978309005243,0,0.0278339367154074,1,0,1,0,1,0,0,0,0,0
com.elmer.SchemataCAD_viewer.apk.sys_names.txt,benign,1,4,0.42857142857142855,2.3015744025442118,1.4585677147702427,9,0.7407532072212998,0.29726027397260274,21.0,0.3950656185743936,2,0.15342465753424658,0,0,1,0,1,0,1,1,0,0
com.elsayad.footballfixturespro.apk.sys_names.txt,benign,1,4,0.5161290322580645,1.5033114256526259,1.4825315870449072,16,0.7359761013540813,0.1556669776119403,31.0,1.025139629258484,1,0.009444962686567164,0,1,1,0,0,1,0,0,0,1
com.elsepro.instalikeboss.apk.sys_names.txt,benign,1,4,0.5,1.5528288945935051,1.415190127866865,15,0.7462916737830206,0.17372638809387522,30.0,0.5514402747623617,1,0.0363480251860332,0,1,1,0,1,1,0,0,0,0
com.emojifamily.emoji.keyboard.font.twitteremoji.apk.sys_names.txt,benign,1,3,0.5416666666666666,1.6733775930334416,1.562699783152088,13,0.6974119440583565,0.21799729364005413,24.0,0.4583574175895776,1,0.02652232746955345,1,1,0,0,0,0,1,0,0,0
com.emui.launcher.apk.sys_names.txt,benign,1,6,0.5416666666666666,1.2378773776359022,1.1111386472170222,13,0.8157574049932793,0.16350067842605157,24.0,0.46691262843775205,1,0.024932157394843963,1,1,1,0,1,1,1,0,0,0
com.enchantedcloud.photovault.apk.sys_names.txt,benign,1,3,0.56,2.318691838404967,2.0295170871656745,14,0.5736480591251687,0.2977944041773829,25.0,0.392697887013806,2,0.020653105759488737,1,0,0,0,0,0,1,1,0,0
com.endless.cookierecipes.apk.sys_names.txt,benign,1,3,0.39473684210526316,1.8770118577008301,1.4855189153706767,15,0.7636101627928764,0.15204678362573099,38.0,0.6540686743053269,1,0.01654542861218086,0,0,1,0,1,1,0,0,0,0
com.endless.dietrecipes.apk.sys_names.txt,benign,1,4,0.39473684210526316,1.055007539496921,1.1584775723829466,15,0.8159608106540494,0.10585714285714286,38.0,0.68744744584288,1,0.014285714285714285,0,1,1,0,1,1,0,0,0,0
com.endless.easyrecipes.apk.sys_names.txt,benign,1,4,0.4411764705882353,1.274261058640821,1.142688949801561,15,0.8280377710685101,0.11964735516372796,34.0,0.677489410419481,1,0.012021983054728647,0,1,1,0,1,1,0,0,0,0
com.endless.japaneserecipes.apk.sys_names.txt,benign,1,3,0.4,1.9193452618405598,1.4705595332811785,16,0.7675565395828834,0.14637398707559748,40.0,0.6696069817109994,1,0.013642424864088624,0,0,1,0,1,1,0,0,0,0
com.endless.microwaveovenrecipes.apk.sys_names.txt,benign,1,4,0.47058823529411764,1.3773206186839815,1.3106671365938134,16,0.7815950324326515,0.1366676481722963,34.0,0.48214175707330265,1,0.024102973962057798,0,1,1,0,1,1,0,0,0,0
com.endless.recipesforkids.apk.sys_names.txt,benign,1,4,0.43243243243243246,1.3500407752677095,1.2017495816209842,16,0.8136314898782007,0.12207446808510639,37.0,0.6090385967220665,2,0.015558510638297872,0,1,1,0,1,1,0,0,0,0
com.endomondo.android.apk.sys_names.txt,benign,1,4,0.5555555555555556,1.5407981631746346,1.4222942246880539,15,0.7423981413768453,0.18508317726120965,27.0,0.848731536682528,1,0.020821857441886086,1,1,1,0,1,0,0,0,0,0
com.enginedilema.temperatureconverter.apk.sys_names.txt,benign,1,3,0.5384615384615384,1.612075489096871,1.6559712793915333,14,0.664911913357104,0.21091977039113602,26.0,0.36184181023745265,1,0.03177145908423441,1,1,0,0,0,0,0,1,0,0
com.english1.english15000wordwithpicture.apk.sys_names.txt,benign,1,3,0.5172413793103449,1.7882750416635536,1.3828751619147002,15,0.7741603104044131,0.18074605819766695,29.0,0.5446464873134641,1,0.02127932316369696,0,0,1,0,1,1,0,0,0,0
com.enhanced.skineditorstudio.apk.sys_names.txt,benign,1,4,0.5,1.5704438312057833,1.4189674094971003,12,0.7397927722380107,0.21205357142857142,24.0,0.49566417619737096,0,0.04496173469387755,0,1,1,0,1,0,1,0,0,0
com.enjore.apk.sys_names.txt,benign,1,4,0.5217391304347826,2.1851921216923196,1.9708730671292063,12,0.5731268398331095,0.2988254031455306,23.0,0.3995361880389854,1,0.012011414161523657,1,0,0,0,0,0,1,1,0,1
com.enjoy.app.cartoon.apk.sys_names.txt,benign,1,5,0.5384615384615384,1.454443843154456,1.3742030392285962,14,0.757545720903123,0.1716250350827954,26.0,0.6287594557832648,0,0.019786696603985406,1,1,1,0,1,1,0,0,0,0
com.envelopedevelopment.loopz.apk.sys_names.txt,benign,1,3,0.5185185185185185,1.5377421624620284,1.3740733467784276,14,0.7587345586912352,0.18385964912280703,27.0,0.5953902005311942,1,0.03871345029239766,0,1,1,0,1,0,0,0,0,0
com.enzuredigital.weatherbomb.apk.sys_names.txt,benign,1,5,0.48,0.951035712983358,1.171804742791155,12,0.7830743399666339,0.1482690124858116,25.0,0.49981723187097854,2,0.012343927355278093,0,1,1,0,1,1,1,0,0,0
com.eon.distribuce.apk.sys_names.txt,benign,1,5,0.0,0.0,0.0,0,-1.000089400708482e-06,1.0,1.0,0.0,0,0.0,0,1,1,0,0,0,1,1,0,1
com.er.mo.apps.mypasswords.apk.sys_names.txt,benign,1,6,0.5238095238095238,1.1320678268476456,1.3277795392312577,11,0.737274629560803,0.19230177059276365,21.0,0.32874199243584995,0,0.026327944572748268,1,1,1,0,1,0,1,1,0,0
com.esoft.frasioccasione.apk.sys_names.txt,benign,1,6,0.5263157894736842,1.1619512949036268,0.9592275726870733,10,0.852800528089226,0.1795774647887324,19.0,0.6289809072599571,0,0.02992957746478873,1,1,1,0,1,1,1,0,0,0
com.esterbi.flexibilitystretchesforsplits.apk.sys_names.txt,benign,1,5,0.4,1.1728008427927699,1.293673121819271,8,0.7582076615364803,0.18681318681318682,20.0,0.2956618070477734,2,0.019230769230769232,0,1,1,0,1,0,1,1,0,0
com.estheticon.android.apk.sys_names.txt,benign,1,3,0.5416666666666666,2.49881362261036,2.032877680155708,13,0.5826617601645977,0.3166923246096327,24.0,0.45534174885212586,3,0.02096620482369328,1,0,0,0,0,0,1,0,1,0
com.etrucknet.etrucknet.apk.sys_names.txt,benign,1,4,0.3333333333333333,1.3040610418691998,1.3665471545941954,4,0.6552241409749555,0.324014926317121,12.0,0.3448077485665622,0,0.013471633672759472,0,1,1,0,0,0,1,1,0,0
com.etsy.android.apk.sys_names.txt,benign,1,4,0.38095238095238093,1.7700836054507287,1.4648887288087378,16,0.7670221189942021,0.12972972972972974,42.0,0.932266335524118,2,0.004826254826254826,0,0,1,0,1,1,0,0,0,1
com.eurosport.player.apk.sys_names.txt,benign,1,3,0.5416666666666666,2.3508546342123737,2.053520957641144,13,0.5688027103199802,0.30756410256410255,24.0,0.3721676563418871,0,0.013717948717948718,1,0,0,0,0,0,1,1,0,0
com.eventbrite.attendee.apk.sys_names.txt,benign,1,3,0.3888888888888889,1.8007504297694317,1.3560040383003886,14,0.7868200421103073,0.14726097312010888,36.0,0.495245846297676,0,0.016127934671657025,0,0,1,0,1,1,0,0,0,0
com.eventbrite.organizer.apk.sys_names.txt,benign,1,5,0.5357142857142857,0.8446514816666657,1.1558596708726654,15,0.7954566323889081,0.13238571640830074,28.0,0.5250619718214471,1,0.025209251646773314,1,1,1,0,1,1,0,0,0,0
com.eventwo.tridonic.apk.sys_names.txt,benign,1,5,0.5384615384615384,1.6749643138288128,1.2976631005044843,14,0.7904871136802675,0.17343873517786562,26.0,0.5020693415888031,0,0.017233201581027667,1,1,1,0,1,1,0,0,0,0
com.evsoft.photoshoot.fun1.apk.sys_names.txt,benign,1,4,0.4375,1.4330998312499024,1.3074482952841868,14,0.7805969624466096,0.14682708688245316,32.0,0.5443051945045239,0,0.022465928449744463,0,1,1,0,1,1,0,0,0,0
com.ex.jo.jogpstracking.apk.sys_names.txt,benign,1,6,0.5454545454545454,1.0946698636290118,1.0766453530257067,12,0.824846723296557,0.15929897985874966,22.0,0.4685517051317625,0,0.012555584619408842,1,1,1,0,1,1,1,0,0,0
com.exampleasd.a8bitdo.apk.sys_names.txt,benign,1,4,0.5,1.6952617931106249,1.3453799161928506,13,0.7760241375206752,0.18618042226487524,26.0,0.7424777871702216,3,0.028790786948176585,0,1,1,0,1,0,0,0,1,0
com.exfileexplorer.filemanager.apk.sys_names.txt,benign,1,3,0.4444444444444444,1.80375660702134,1.3462540005979713,16,0.7913754638514926,0.15042635376430288,36.0,0.4919885857436098,0,0.014066030172727935,0,0,1,0,1,1,0,0,0,0
com.exovoid.weather.app.apk.sys_names.txt,benign,1,3,0.5384615384615384,1.9228389255225817,1.4534944280052224,14,0.739424064809966,0.23344191096634093,26.0,0.501755930936843,1,0.09446254071661238,1,0,1,0,1,0,0,0,0,0
com.expensemanager.apk.sys_names.txt,benign,1,6,0.5357142857142857,1.3478712479668442,1.196118870421689,15,0.8066708307233066,0.143583098305257,28.0,0.5130092223565355,1,0.004166984272175217,1,1,1,0,1,1,0,0,0,1
com.f.abdl.apk.sys_names.txt,benign,1,5,0.375,0.659654762219254,0.884637398664539,3,0.8115390575031116,0.32987551867219916,8.0,0.2690718328685477,0,0.10027662517289074,0,1,1,0,1,0,1,1,0,0
com.faberlic.apk.sys_names.txt,benign,1,3,0.4166666666666667,2.2548130248357956,1.4099955976640535,15,0.7863352183962589,0.17737600781822624,36.0,1.1428456325872411,1,0.049352553139506476,0,0,1,0,1,1,0,0,0,0
com.facetune.faceediter.free2018.apk.sys_names.txt,benign,1,3,0.56,2.08007842001833,1.4849271089238818,14,0.7362624113933574,0.22462992125984252,25.0,0.7044269722787992,2,0.017826771653543308,1,0,1,0,0,0,1,0,0,0
com.fairenoughsoftware.milanmetro.apk.sys_names.txt,benign,1,3,0.5652173913043478,1.73657808878462,1.6656232785987763,13,0.658260624043488,0.2305615047956048,23.0,0.49483356068385137,1,0.010429276468944967,1,0,0,0,0,0,1,0,0,1
com.fammilapp.melissasnep.apk.sys_names.txt,benign,1,3,0.4473684210526316,2.1747234998630676,1.5382492742483147,17,0.741546708179497,0.19114996996596142,38.0,1.0562481508692463,3,0.09203764266168324,0,0,0,1,1,0,0,0,1,0
com.famobix.geometryx.apk.sys_names.txt,benign,1,3,0.43243243243243246,1.8344397847963436,1.625685176187787,16,0.7085854494983952,0.15688238829893808,37.0,0.5053155085928841,3,0.003806852334201563,0,0,0,0,0,1,0,0,1,1
com.farmacity2.apk.sys_names.txt,benign,1,3,0.5,1.4099063512291297,1.5677746887385948,11,0.6542567490011197,0.22197078790372352,22.0,0.3600618592039786,1,0.024274840567784405,0,1,0,0,0,0,1,1,0,0
com.fasthd.vibes.apk.sys_names.txt,benign,1,7,0.5454545454545454,0.5171152919017904,0.8723084942043724,12,0.864154943940204,0.11944604731679169,22.0,0.48959785843522485,1,0.006347374495095211,1,1,1,0,1,1,1,0,0,1
com.fastnotepad.notes.apk.sys_names.txt,benign,1,7,0.5416666666666666,1.2396185418339487,1.260036696658667,13,0.7731235002661792,0.17123581066609553,24.0,0.42631610989472773,1,0.02746840865281645,1,1,1,0,1,1,1,1,0,0
com.fatayatmaghrora.kibriyae.apk.sys_names.txt,benign,1,3,0.40476190476190477,1.9234298879364655,1.6475341728913075,17,0.7270756742287265,0.1494800693240901,42.0,0.9669652233826502,3,0.028101015102748206,0,0,0,1,0,1,0,0,1,0
com.fedex.ida.android.apk.sys_names.txt,benign,1,3,0.4166666666666667,1.7927782617448613,1.398278126799492,15,0.7731431929555819,0.16799019035384796,36.0,1.009641910141337,0,0.058857876912297095,0,0,1,0,1,1,0,0,0,0
com.fertility.ovulations.apk.sys_names.txt,benign,1,5,0.43243243243243246,1.366578929441508,1.380801049293672,16,0.7604232716313446,0.1218723242317572,37.0,1.132197988841466,0,0.008467319950528018,0,1,1,0,1,1,0,0,0,1
com.fictionpress.fanfiction.apk.sys_names.txt,benign,1,7,0.5652173913043478,1.1859271100160163,1.411614898183351,13,0.7157185987374902,0.17426059152677859,23.0,0.3884632003771175,1,0.0037969624300559553,1,1,1,0,0,1,1,1,0,1
com.fifa.fifaapp.android.apk.sys_names.txt,benign,1,6,0.4146341463414634,1.2981847160322681,1.2352574765344122,17,0.8062194785513217,0.1088269680436477,41.0,0.5698359802452106,0,0.006625097427903352,0,1,1,1,1,1,0,0,0,1
com.figure1.android.apk.sys_names.txt,benign,1,6,0.4782608695652174,1.1519003014735034,1.299258014428378,11,0.7605345923472133,0.16794596254221678,23.0,0.35900426330123836,0,0.013202333435677003,0,1,1,0,1,1,1,1,0,0
com.filippocicirelli.analyzer.apk.sys_names.txt,benign,1,3,0.5384615384615384,2.111227113308385,2.0530362299847087,14,0.5601508354856528,0.26821675260239325,26.0,0.33908212038323066,4,0.02441871777410254,1,0,0,0,0,0,0,1,1,0
com.findhdmusic.app.upnpcast.apk.sys_names.txt,benign,1,6,0.5384615384615384,1.3195313873166787,1.3279721394061128,14,0.7651455844431035,0.15541090317331163,26.0,0.5234126405692557,2,0.010577705451586655,1,1,1,0,1,1,0,0,0,1
com.finger.body.temperature.fever.test.prank.apk.sys_names.txt,benign,1,4,0.5172413793103449,1.8046795655494718,1.2796707236632547,15,0.7942351294614965,0.1863780359028511,29.0,0.441818612062251,3,0.05966209081309398,0,0,1,0,1,0,0,1,1,0
com.fingerprint.moodscannertwo.apk.sys_names.txt,benign,1,3,0.5416666666666666,2.1152697263014697,1.6639483187771897,13,0.6867123680188459,0.24728260869565216,24.0,0.5041642129631855,0,0.0014492753623188406,1,0,0,0,0,0,1,0,0,1
com.finnair.apk.sys_names.txt,benign,1,5,0.5,0.8480361715802137,1.1187203469924125,13,0.8022484166856185,0.13691883372734437,26.0,0.4829473206313112,1,0.009062253743104806,0,1,1,0,1,1,0,0,0,1
com.firesideapps.propertypriceregisterireland.apk.sys_names.txt,benign,1,3,0.5769230769230769,1.5771184581864666,1.6221370860163498,15,0.6774294280064255,0.19504429678848284,26.0,0.4757501953991399,3,0.015019379844961241,1,1,0,0,0,0,0,0,1,0
com.firstrowria.android.soccerlivescores.apk.sys_names.txt,benign,1,7,0.5217391304347826,1.182797936346297,1.1329549213297911,12,0.80840532986084,0.1625043967639817,23.0,0.6330843525034897,0,0.0024621878297572987,1,1,1,0,1,1,1,0,0,1
com.fitness.center.seven.minute.workout.apk.sys_names.txt,benign,1,5,0.48484848484848486,1.5688854982639329,1.3583154732841578,16,0.7731318459362451,0.14664310954063603,33.0,0.4806587754730053,1,0.009606890459363958,0,1,1,0,1,1,0,0,0,1
com.fitnesskeeper.runkeeper.pro.apk.sys_names.txt,benign,1,6,0.5416666666666666,1.2478523706460298,1.4039973354666626,13,0.7303402768871501,0.17876042694412056,24.0,0.3635444001808914,0,0.017849134451520317,1,1,1,0,0,1,1,1,0,0
com.fitnet.mytonic.apk.sys_names.txt,benign,1,6,0.55,1.1982880461360574,1.4127740112802634,11,0.6998417366813444,0.20870234886407393,20.0,0.3259936942149855,0,0.011166730843280709,1,1,1,0,0,0,1,1,0,1
com.fitstar.pt.apk.sys_names.txt,benign,1,5,0.5,1.4383688412094278,1.3609160206423732,12,0.7415704713916295,0.20549359768690623,24.0,0.3662448584689246,0,0.057001239157372985,0,1,1,0,1,0,1,1,0,0
com.fivetouchsolutions.emhpprinton.apk.sys_names.txt,benign,1,3,0.375,1.5376693567445205,1.4672669714848754,6,0.6681037306067106,0.28484713894440744,16.0,0.4495398112888438,0,0.014138722333259308,0,1,1,0,0,0,1,0,0,0
com.flawlessapps.enginesound147.apk.sys_names.txt,benign,1,3,0.4482758620689655,1.6338966540159834,1.64572856253029,13,0.6890831513447565,0.17920392775732072,29.0,0.44292393447454054,1,0.02139224969314396,0,1,0,0,0,1,0,1,0,0
com.flightradar24free.apk.sys_names.txt,benign,1,3,0.5185185185185185,1.5686217112128242,1.3466240962779275,14,0.765287373321917,0.18177278401997504,27.0,0.4717481017297484,2,0.022596754057428215,0,1,1,0,1,0,0,0,0,0
com.floattube.liteyoutube.apk.sys_names.txt,benign,1,6,0.56,1.3381789037312293,1.323069485796136,14,0.7603434727630137,0.1766253984728297,25.0,0.4459876771759965,1,0.022462747423826823,1,1,1,0,1,1,1,0,0,0
com.flosslab.liomatic.wally.apk.sys_names.txt,benign,1,5,0.46153846153846156,1.523296525268741,1.2635891278141842,6,0.7405178123753231,0.30303030303030304,13.0,0.3988944658194325,2,0.021212121212121213,0,1,1,0,1,0,1,1,0,0
com.fly.gps.apk.sys_names.txt,benign,1,3,0.41025641025641024,2.0554555770940564,1.4060709470069177,16,0.785597933426042,0.15722983257229833,39.0,0.5205698744097754,2,0.0319634703196347,0,0,1,0,1,1,0,0,0,0
com.fogdens.apk.sys_names.txt,benign,1,3,0.35294117647058826,0.8751000985864938,1.2309032763557712,6,0.7199112743311601,0.2317900893941066,17.0,0.6977252176985016,0,0.08180664385829378,0,1,1,0,0,0,1,0,0,0
com.followers.mania.apk.sys_names.txt,benign,1,3,0.55,1.5095505232255504,1.582754458984521,11,0.6459346934715813,0.2531476535673407,20.0,0.5250765989003254,1,0.0363728856670482,1,1,0,0,0,0,1,0,0,0
com.followers.musicallyapp.apk.sys_names.txt,benign,1,3,0.2857142857142857,2.044446189390667,1.9210632219866284,6,0.5692003467684923,0.3282737442421584,21.0,0.36402595005183275,3,0.0911603421803027,0,0,0,0,0,0,1,1,1,0
com.fontchanger.pixsterstudio.apk.sys_names.txt,benign,1,4,0.41025641025641024,1.5346599483173895,1.2820685913290089,16,0.7953902054992926,0.12844036697247707,39.0,0.524841729589146,0,0.012352813696453082,0,1,1,0,1,1,0,0,0,0
com.foorban.android.apk.sys_names.txt,benign,1,3,0.5217391304347826,2.3629216530259534,2.037230602048343,12,0.5744549638958639,0.31735537190082647,23.0,0.41313489280513427,1,0.01633446767136607,1,0,0,0,0,0,1,1,0,0
com.football.favorite.apk.sys_names.txt,benign,1,4,0.625,2.2945583201232003,2.1115273655372353,15,0.5298635821331122,0.31286580823667126,24.0,0.2888554658732868,4,0.01633500053208471,1,0,0,0,0,0,1,1,1,0
com.footballcricket.football.apk.sys_names.txt,benign,1,3,0.56,1.9426403554431166,1.762113749316942,14,0.6517360492828546,0.2365437247491203,25.0,0.4382000592967169,0,0.016812198618532517,1,0,0,0,0,0,1,1,0,0
com.forzamagicking.royalegems.apk.sys_names.txt,benign,1,6,0.5652173913043478,1.2945362835954737,1.330142623483909,13,0.7553573082660375,0.1827317763623496,23.0,0.4086122743097272,0,0.023071479122434537,1,1,1,0,1,0,1,1,0,0
com.fotoable.weather.widget.brightstar.apk.sys_names.txt,benign,1,5,0.5454545454545454,1.188950700763228,1.3805883513266717,12,0.7145661409285283,0.20294236195082627,22.0,0.4051231900801875,1,0.03728335348649738,1,1,1,0,0,0,1,1,0,0
com.fotoable.weather.widget.cima.apk.sys_names.txt,benign,1,3,0.5454545454545454,1.6523585652447725,1.5733232772682972,12,0.6745774063667528,0.23846076153923845,22.0,0.4600169615181129,0,0.02444197555802444,1,1,0,0,0,0,1,0,0,0
com.fotoable.weather.widget.fantasy.apk.sys_names.txt,benign,1,4,0.5454545454545454,1.42648568475602,1.393353541941727,12,0.7371109409058177,0.1997880233174351,22.0,0.5941294265833647,0,0.019254548666313372,1,1,1,0,0,0,1,0,0,0
com.fotoable.weather.widget.green.apk.sys_names.txt,benign,1,3,0.5416666666666666,2.1926550249769012,1.7905152761976673,13,0.641953278973528,0.2769688947716744,24.0,0.4336752009111691,1,0.027134348113831898,1,0,0,0,0,0,1,1,0,0
com.fourdesire.fortunecity.apk.sys_names.txt,benign,1,5,0.4,1.3633960932887752,1.1599014841202155,4,0.7478465689334551,0.38144329896907214,10.0,0.23056600640191274,0,0.18144329896907216,0,1,1,0,1,0,1,1,0,0
com.foursquare.robin.apk.sys_names.txt,benign,1,3,0.5,1.524240545126337,1.6784800496436851,12,0.6233660847490152,0.24965137358806302,24.0,0.2313161777819729,1,0.0880281690140845,0,1,0,0,0,0,1,1,0,0
com.fourtechnologies.mynetdiary.ad.apk.sys_names.txt,benign,1,4,0.5217391304347826,1.6012939856445267,1.6046089903656342,12,0.6481284238963961,0.25261201879251105,23.0,0.22302175773173244,0,0.06184699530187224,1,1,0,0,0,0,1,1,0,0
com.foxfi.apk.sys_names.txt,benign,1,5,0.5833333333333334,1.7016066514790844,1.4783982488494385,14,0.7190592289808695,0.2139670021791014,24.0,0.45213544956937185,2,0.009131472449932551,1,1,1,0,0,0,1,0,0,1
com.francesco.calcolasconto.apk.sys_names.txt,benign,1,5,0.5238095238095238,1.3831752787204428,1.4798269366474084,11,0.690451025831329,0.2187835272757283,21.0,0.40409175270876424,0,0.02063216967896344,1,1,1,0,0,0,1,1,0,0
com.frankyapps.privateread.prws.apk.sys_names.txt,benign,1,3,0.42857142857142855,2.1476975054339116,1.56336983170335,15,0.7453139061053956,0.17800190813684066,35.0,0.5261040482085356,1,0.011721412021262097,0,0,0,0,1,1,0,0,0,1
com.frasix.frasiperognioccasione.app.apk.sys_names.txt,benign,1,3,0.56,1.7655212628978032,1.5469948698260392,14,0.7122077827064544,0.20587954567147085,25.0,0.43757637793171844,1,0.017944067958385036,1,0,0,0,0,0,1,1,0,0
com.freedomapps.cryptomillionaire.apk.sys_names.txt,benign,1,5,0.5555555555555556,1.4236595888038956,1.2912923381721813,15,0.7714930796315586,0.17672675713996355,27.0,0.4511081178121996,2,0.04577678752278712,1,1,1,0,1,1,0,0,0,0
com.freelance.textrepeater.apk.sys_names.txt,benign,1,4,0.52,1.50735228497172,1.5471069527244692,13,0.6933415281604347,0.1944206008583691,25.0,0.4269996261119862,0,0.004864091559370529,0,1,0,0,0,0,1,1,0,1
com.freeletics.android.running.apk.sys_names.txt,benign,1,3,0.375,1.5282296318589257,1.485664710357369,6,0.6607032570532663,0.28915593705293274,16.0,0.4453392142069898,0,0.019971387696709586,0,1,1,0,0,0,1,0,0,0
com.freemaster.badmusic.apk.sys_names.txt,benign,1,4,0.5,1.7217945564944768,1.319416052990754,14,0.7911193592239927,0.1635930993456276,28.0,0.47443821424043914,0,0.0033313503866745984,0,0,1,0,1,1,0,0,0,1
com.freemium.android.apps.f1calendarandremainder.apk.sys_names.txt,benign,1,5,0.5333333333333333,1.6257524219131658,1.3575725264535081,16,0.7654757030295051,0.17221203388350362,30.0,0.5603809767055891,0,0.02366605536634355,1,1,1,0,1,1,0,0,0,0
com.freerange360.mpp.GOAL.apk.sys_names.txt,benign,1,6,0.25,0.0,0.3333333333333333,1,0.9591477440546691,0.3333333333333333,4.0,0.0,1,0.0,0,1,1,0,1,0,1,1,0,1
com.frozenape.tempolite.apk.sys_names.txt,benign,1,4,0.47058823529411764,1.567081710275095,1.3842993630327987,16,0.7648161574523291,0.14698215359935835,34.0,0.4809393870543816,0,0.01724483657509525,0,1,1,0,1,1,0,0,0,0
com.fsp.android.c.apk.sys_names.txt,benign,1,5,0.5172413793103449,1.5672887202505643,1.3037427993293187,15,0.7823844347104035,0.15709987966305655,29.0,0.4726606061909796,2,0.009687123947051745,0,1,1,0,1,1,0,0,0,1
com.fsp.android.friendlocator.apk.sys_names.txt,benign,1,4,0.56,2.0590452356872526,1.897620928732618,14,0.6136614850209674,0.26332838439735456,25.0,0.3840574746951508,3,0.013767040086381428,1,0,0,0,0,0,1,1,1,0
com.ftbpro.serie_a.apk.sys_names.txt,benign,1,3,0.5384615384615384,2.4586240281835625,2.184831088302016,14,0.5385483814024863,0.3092515957073718,26.0,0.36711231187241317,4,0.013256645858174931,1,0,0,0,0,0,0,1,1,0
com.ftfleur.anawardabida.apk.sys_names.txt,benign,1,3,0.45454545454545453,1.8247979911130892,1.4426736561594207,15,0.7580997229103367,0.17744271232643324,33.0,1.015634147729402,1,0.05213391259902888,0,0,1,0,1,1,0,0,0,0
com.fungamesforfree.colorfy.apk.sys_names.txt,benign,1,4,0.43243243243243246,1.7930882836192146,1.4319972966347307,16,0.7668135447895514,0.1379069958172722,37.0,0.9885470231634351,2,0.0035266136307717543,0,0,1,0,1,1,0,0,0,1
com.fxking.forexsignalsanalysis.apk.sys_names.txt,benign,1,4,0.5454545454545454,2.267542360318909,2.1215000605790624,12,0.5205164688021188,0.3323287671232877,22.0,0.33142409092715647,3,0.01452054794520548,1,0,0,0,0,0,1,1,1,0
com.gabastudioapps.perfectskintipsnatural.apk.sys_names.txt,benign,1,3,0.56,1.5085294078731735,1.6770580236547254,14,0.6496532469818794,0.20324449594438007,25.0,0.45404026558043276,0,0.01566628041714948,1,1,0,0,0,0,1,0,0,0
com.galaxy.s8.edge.theme.launcher.apk.sys_names.txt,benign,1,5,0.43243243243243246,1.1281697267230015,1.2644770164565609,16,0.7891115196481228,0.11201079622132254,37.0,0.5591998100789103,1,0.007197480881691408,0,1,1,0,1,1,0,0,0,1
com.game4fun.vinny4D.apk.sys_names.txt,benign,1,4,0.52,1.2510519239066844,1.4174058198003874,13,0.7227415202910576,0.17075285770595192,25.0,0.6973689679922681,0,0.015293653921955065,0,1,1,0,0,1,1,0,0,0
com.gamma.bubblelevel.apk.sys_names.txt,benign,1,7,0.5714285714285714,1.5499746390221358,1.2609759424715838,8,0.7571676050121355,0.3050847457627119,14.0,0.19080799612941104,4,0.07627118644067797,1,1,1,0,1,0,1,1,1,0
com.gau.go.launcherex.gowidget.weatherwidget.apk.sys_names.txt,benign,1,3,0.36538461538461536,2.5458958225856425,1.8617356706024355,19,0.7047244301180166,0.16070342827744258,52.0,0.9781742532896519,1,0.010616902857677376,0,0,0,1,0,1,0,0,0,1
com.gau.go.weatherex.dynamicsbg.classicnew.apk.sys_names.txt,benign,1,7,0.625,1.330474987994258,1.2330611015158532,15,0.7847969924144682,0.16877496671105194,24.0,0.4478610787688821,2,0.004993342210386152,1,1,1,0,1,1,1,0,0,1
com.gau.go.weatherex.theme.gowidget.purplenightskin.apk.sys_names.txt,benign,1,4,0.5416666666666666,1.760189530483014,1.6596064795115704,13,0.6578539851503042,0.2358020897357099,24.0,0.37649892370994387,0,0.011278426551936078,1,0,0,0,0,0,1,1,0,1
com.gau.golauncherex.notification.apk.sys_names.txt,benign,1,5,0.5454545454545454,1.0740711667778786,1.4255298701611403,12,0.68586135906647,0.181005071461503,22.0,0.5432664525243734,2,0.016136468418626097,1,1,1,0,0,1,1,0,0,0
com.gauravmantri.gs8.apk.sys_names.txt,benign,1,4,0.5,1.618427702423161,1.3106446848435431,16,0.7874565550146805,0.15193814018879293,32.0,0.5979694690925041,1,0.015565374573207471,0,1,1,0,1,1,0,0,0,0
com.gawk.voicenotes.apk.sys_names.txt,benign,1,5,0.5,1.5301490528321016,1.1924538145524524,16,0.8191874591162268,0.1334757951836936,32.0,0.5013305188713479,1,0.0023013068135119587,0,1,1,0,1,1,0,0,0,1
com.gayomat.android.apk.sys_names.txt,benign,1,4,0.4375,0.8979251774762617,1.2493584607645931,7,0.719188215470034,0.21513248004534077,16.0,0.3994326171469946,0,0.012846549851225618,0,1,1,0,0,0,1,1,0,0
com.gazecloud.fishfinderEN.apk.sys_names.txt,benign,1,5,0.6086956521739131,1.3880490981145384,1.382670435934264,14,0.7413931043075829,0.1866601514781334,23.0,0.44692537470404337,2,0.018079648179819205,1,1,1,0,1,0,1,0,0,0
com.ge3.osegredo.apk.sys_names.txt,benign,1,5,0.47058823529411764,1.0105905077957238,1.1667690200990528,16,0.8094426826855561,0.1052609810571594,34.0,0.9058358269014039,1,0.006162627181735462,0,1,1,0,1,1,0,0,0,1
com.gearcalculator.apk.sys_names.txt,benign,1,4,0.6,1.7677642054109877,1.3506926537637873,15,0.7733488948123295,0.19663984855655467,25.0,0.5153895969659673,1,0.025792711784193092,1,0,1,0,1,0,1,0,0,0
com.gecod.bartolini.activity.apk.sys_names.txt,benign,1,3,0.5769230769230769,1.8915006304388828,1.7174656132206203,15,0.6621459891929783,0.2301166489925769,26.0,0.4199695301843778,3,0.012018381053375752,1,0,0,0,0,0,0,1,1,0
com.geekslab.qrbarcodescanner.pro.apk.sys_names.txt,benign,1,3,0.5357142857142857,1.9538033651763362,1.3579313118405563,15,0.7875313571285047,0.185302565118352,28.0,0.5596509706109511,1,0.025552144201247896,1,0,1,0,1,0,0,0,0,0
com.gegeapps.tdownloadera.apk.sys_names.txt,benign,1,4,0.5833333333333334,1.5730202870285812,1.6190456978254302,14,0.666743414456593,0.2225770925110132,24.0,0.41271280759940604,2,0.019603524229074888,1,1,0,0,0,0,1,1,0,0
com.gemalto.mpassplus.apk.sys_names.txt,benign,1,4,0.5769230769230769,1.4952215572352274,1.26015386771209,15,0.7856885929548518,0.18912738423158879,26.0,0.6713991648260587,0,0.06974689465204512,1,1,1,0,1,0,0,0,0,0
com.gen.wincard.apk.sys_names.txt,benign,1,4,0.5454545454545454,1.5464591388746882,1.57364750206732,12,0.6675751189357966,0.2343001971275697,22.0,0.3917599232182611,0,0.017319065052098,1,1,0,0,0,0,1,1,0,0
com.generamobile.headsoccer.apk.sys_names.txt,benign,1,6,0.0,0.0,0.0,0,0.9999992786502947,0.5,2.0,0.0,0,0.0,0,1,1,0,1,0,1,1,0,1
com.geomobile.tiendeo.apk.sys_names.txt,benign,1,6,0.5384615384615384,1.2557913833332213,1.1247316861823788,14,0.8222932654503525,0.1541038525963149,26.0,0.4715666259859649,3,0.018425460636515914,1,1,1,0,1,1,0,0,1,0
com.geonaute.geonaute.apk.sys_names.txt,benign,1,5,0.45454545454545453,1.5172010689987738,1.4401574788846976,15,0.7518967572324446,0.14180592806547004,33.0,0.6540125631692012,0,0.006808335052609861,0,1,1,0,1,1,0,0,0,1
com.geonaute.onconnect.apk.sys_names.txt,benign,1,5,0.0,0.0,0.0,0,-1.000089400708482e-06,1.0,1.0,0.0,0,0.0,0,1,1,0,0,0,1,1,0,1
com.geoplan.apk.sys_names.txt,benign,1,3,0.4473684210526316,2.603585206923757,2.166779188417393,17,0.6159294025176123,0.21858851843986693,38.0,1.0036707176505575,3,0.011962907906845049,0,0,0,1,0,0,0,0,1,1
com.getkoola.koola.apk.sys_names.txt,benign,1,5,0.4838709677419355,1.7040751812578623,1.419258432644216,15,0.7635039405010113,0.15870683321087437,31.0,0.545520451494392,3,0.010286554004408524,0,0,1,0,1,1,0,0,1,1
